Date,BTC,SPX
2015-02-17,75.62235865844724,15.843968703958971
2015-02-18,76.12949731483027,14.792141858984529
2015-02-19,75.98720042326963,14.44911864708604
2015-02-20,73.38405492649244,14.152035841358352
2015-02-23,71.50698976022072,13.301271823101155
2015-02-24,71.125584513133,13.040292483711028
2015-02-25,67.27399106004283,12.771784214039917
2015-02-26,66.56327375787146,12.733117001405208
2015-02-27,60.440705728651324,12.6193488366214
2015-03-02,60.17739198089266,12.262074213999933
2015-03-03,59.4193663137351,11.937143360788543
2015-03-04,59.092483739490035,12.05105657799421
2015-03-05,57.0445885854743,11.999531946959154
2015-03-06,57.265891194251026,12.08496396951979
2015-03-09,56.713604031138395,12.010817670281885
2015-03-10,56.12349415074645,12.953462020394083
2015-03-11,55.69556403120721,12.359099677993482
2015-03-12,55.817109832917374,12.205406391385862
2015-03-13,56.957613503907766,12.135074108488219
2015-03-16,49.46091802382462,11.994750648906983
2015-03-17,40.968857115762894,11.608887810763463
2015-03-18,52.67964497440073,11.386699550591606
2015-03-19,51.65448383528385,11.416014261900246
2015-03-20,50.71873506151031,11.333873741385947
2015-03-23,51.20494853530177,11.313720778782766
2015-03-24,55.87211355744521,11.365698842103276
2015-03-25,55.77733352126537,11.837510123805687
2015-03-26,55.827942577890525,11.855594688816934
2015-03-27,55.83616652480112,11.521479191323698
2015-03-30,53.88581361788395,12.015615114593391
2015-03-31,53.51153646363155,12.262697151970041
2015-04-01,50.64071720009055,12.294167871691217
2015-04-02,50.69732267095479,12.352715371724031
2015-04-06,50.62151343211998,12.387238267627248
2015-04-07,50.641444826896745,12.404116394435244
2015-04-08,48.385161989418535,12.417490541620053
2015-04-09,48.22864550940839,12.496576454174328
2015-04-10,48.33141156481561,12.602256457899594
2015-04-13,49.54734467259658,12.632288587587686
2015-04-14,49.26738411524002,12.5026919285628
2015-04-15,49.57392469162853,12.519758671425446
2015-04-16,50.22645993282098,12.455071486345167
2015-04-17,40.65362764842497,12.90613921495316
2015-04-20,40.28954512013956,12.480865974305223
2015-04-21,41.76058789175617,12.44233702800574
2015-04-22,41.760640571117655,11.448498289366052
2015-04-23,34.70385082759264,11.40966244317894
2015-04-24,35.20692565407273,10.892676586737347
2015-04-27,38.18349459495128,10.796243199106225
2015-04-28,36.692011223200296,10.172555014280087
2015-04-29,36.102445121057514,10.212944527449222
2015-04-30,38.50926318486665,10.072906411154644
2015-05-01,38.56733212880983,10.465227890098182
2015-05-04,38.74643884115294,10.186401597514047
2015-05-05,37.86459015401372,10.72074348753235
2015-05-06,38.20539479026131,10.662715739247867
2015-05-07,39.54519595952042,9.773598175712165
2015-05-08,39.32731678507261,10.385558867614881
2015-05-11,38.33492208775813,10.511774903130469
2015-05-12,38.35733416561181,9.994342630496408
2015-05-13,35.77718889870396,9.619339864176402
2015-05-14,34.906203763086076,9.941922102899143
2015-05-15,34.46346348801024,9.912496228543784
2015-05-18,33.52791150853876,9.78478287979488
2015-05-19,33.55255433715825,9.735958500138768
2015-05-20,33.54918100279143,9.718138292120408
2015-05-21,30.77272753918695,9.67888884331499
2015-05-22,31.33022071872552,9.61326771211951
2015-05-26,28.69057851556867,10.058673798901953
2015-05-27,25.873601717644927,10.3978478839509
2015-05-28,25.414766558168694,10.338609332589293
2015-05-29,25.4238718177214,10.511107632368068
2015-06-01,23.65536437001999,9.918996347387266
2015-06-02,22.917053399255103,9.591530084598874
2015-06-03,22.9023985001879,9.606255307211406
2015-06-04,22.745897841403888,9.837624118120239
2015-06-05,21.44769974444854,9.817107561461578
2015-06-08,18.931818395234842,9.93388335118741
2015-06-09,18.92294760044565,9.87320535632545
2015-06-10,18.717247685514653,10.454412711144808
2015-06-11,18.776849725016348,10.424024871546637
2015-06-12,17.976056947267065,10.241691021044916
2015-06-15,18.691155550104728,9.817329541077257
2015-06-16,25.07124658982666,9.916753452462016
2015-06-17,24.649590435053252,9.323475367082219
2015-06-18,24.57402863660063,9.667873047206728
2015-06-19,25.17075736773614,9.731634939401147
2015-06-22,24.651867651379874,9.086975343584127
2015-06-23,24.78535250293716,8.96356655305087
2015-06-24,24.75792279504159,9.187954198515639
2015-06-25,24.893396933874783,9.2373146317013
2015-06-26,24.903729522710965,8.712449417367193
2015-06-29,27.276110315514916,10.60953333053714
2015-06-30,27.381880501230825,10.579929714777132
2015-07-01,25.951292459635884,10.894808038210348
2015-07-02,26.318214931405066,10.894963119191123
2015-07-06,28.77828580278322,10.855988122744979
2015-07-07,28.691520744077692,11.04215257594443
2015-07-08,28.331183165803807,11.656673141799773
2015-07-09,28.51156327812636,11.275513996184829
2015-07-10,32.04999764964857,11.944126976170564
2015-07-13,41.39645966907921,12.279220670767382
2015-07-14,41.94748153627118,12.331046244025186
2015-07-15,42.04812714186116,12.32781139163862
2015-07-16,40.19706851805757,12.521756470523906
2015-07-17,40.089434175444985,12.24717643240707
2015-07-20,40.33431866466327,12.2286589118558
2015-07-21,40.49948921034613,12.138711174873025
2015-07-22,40.42423710043322,12.157894553132312
2015-07-23,40.256654398399014,11.800376704098525
2015-07-24,41.363500113805955,12.138803707702186
2015-07-27,40.8129226892083,12.054073710165254
2015-07-28,40.63117544505953,12.524922050299537
2015-07-29,40.334758619009406,12.583095851076717
2015-07-30,40.025378331336384,12.576380155237215
2015-07-31,39.7912131799078,12.209222907687302
2015-08-03,39.564786756584255,12.180734288226592
2015-08-04,37.99232977682617,12.086799849301462
2015-08-05,38.02466083501208,12.13039501078669
2015-08-06,38.0608040735033,12.179889045718195
2015-08-07,37.782370753485466,12.162570440541675
2015-08-10,38.488649619260315,12.718204443507345
2015-08-11,34.60803182455819,11.365981589424075
2015-08-12,30.171526598585054,11.35821698261303
2015-08-13,29.97845936377107,11.142271369760564
2015-08-14,30.073654122569526,11.181180393690907
2015-08-17,29.16406516464147,11.238811262019722
2015-08-18,64.52310710274915,11.152070288198008
2015-08-19,68.13747799586541,10.210045973312596
2015-08-20,69.32301521609237,11.982269612657237
2015-08-21,69.27762711191916,14.305149145060266
2015-08-24,70.81910574163511,18.21108728533295
2015-08-25,72.75958571515437,18.21858277315311
2015-08-26,73.13387278865929,21.84027537691103
2015-08-27,73.06410629301908,23.024842252306073
2015-08-28,73.84583985510137,23.017099733221706
2015-08-31,73.92981083073161,23.06642692961628
2015-09-01,73.86594857397574,24.441196196590177
2015-09-02,73.94895276045867,25.26682649763488
2015-09-03,73.6846278938204,25.267841361500192
2015-09-04,73.92630675059853,25.439110713547176
2015-09-08,72.17968191750963,26.620886089363054
2015-09-09,72.40605887439682,26.507934640791554
2015-09-10,72.01639232261235,26.467793290636198
2015-09-11,72.01005085403041,26.53487149688437
2015-09-14,72.19525859228978,26.53686791545792
2015-09-15,72.16360760231952,26.878008104660054
2015-09-16,72.16269115503516,27.048949725079748
2015-09-17,41.59656255885952,27.011373986396848
2015-09-18,36.37636152078095,27.289554647289922
2015-09-21,34.84787120825878,27.36731695299119
2015-09-22,35.0314925848046,27.214474421703827
2015-09-23,25.287922048448436,27.14569500633082
2015-09-24,21.272502071576483,27.12727061003185
2015-09-25,20.657588066923836,27.132696656044235
2015-09-28,20.394403044769994,27.862869217976886
2015-09-29,20.608905680671153,27.76029689573939
2015-09-30,20.591435848794216,28.488813837850387
2015-10-01,20.455204370935647,28.489914763546636
2015-10-02,20.435393042299594,28.356720902560717
2015-10-05,19.251874924836308,27.46526476948218
2015-10-06,19.539058829745805,24.250288803644963
2015-10-07,19.927483382894135,23.97843592607099
2015-10-08,19.4199139855428,21.623125323384254
2015-10-09,18.307042434294647,20.481518196500737
2015-10-12,17.410946759945237,20.481389998959475
2015-10-13,16.71715208198881,20.422130645463156
2015-10-14,16.834898103516878,18.295265735211412
2015-10-15,16.875542823110575,18.028718167121493
2015-10-16,18.736523536437765,18.051285575281998
2015-10-19,22.67019471471977,17.347382385016726
2015-10-20,23.211375570523384,15.955749701623409
2015-10-21,22.746343855746982,15.512752623744468
2015-10-22,23.568970210847972,16.106732985740884
2015-10-23,23.485815971443945,16.307325512967203
2015-10-26,23.295166049905575,16.273425896254132
2015-10-27,23.84200593815628,16.00349120938164
2015-10-28,24.61920465654344,16.125477941144663
2015-10-29,24.766336338685132,16.097967491394392
2015-10-30,26.441615092747472,15.272349078549393
2015-11-02,41.51231227881512,15.506833947509211
2015-11-03,49.78596327605098,14.80832560197975
2015-11-04,49.721782341699196,14.851365877659987
2015-11-05,54.95436351265277,14.77253600337763
2015-11-06,56.022049802811104,14.777576310440853
2015-11-09,57.73509643680765,12.696288732754166
2015-11-10,69.91150494789936,12.67314068733566
2015-11-11,74.47861012423279,12.008480262632265
2015-11-12,77.60579778453726,12.952808979185079
2015-11-13,77.71616296090944,12.940906529576887
2015-11-16,78.9076205817304,12.679348877552766
2015-11-17,77.98124786452424,12.617966982861626
2015-11-18,78.03182185608215,13.157648160054269
2015-11-19,78.49360376687747,12.980610538731494
2015-11-20,78.5105876526642,12.99835180781885
2015-11-23,78.30880394906384,13.017379770010876
2015-11-24,78.40717366812984,12.819204708183317
2015-11-25,78.64626735151336,12.69111259963909
2015-11-27,80.29481603055338,12.018145130277478
2015-11-30,78.52908463022041,12.07049640695165
2015-12-01,79.13430634355966,12.324646816909413
2015-12-02,73.2030998444902,12.747590784102966
2015-12-03,65.2921977855164,13.320566589892147
2015-12-04,64.97489208623574,13.607920077283634
2015-12-07,64.65973224173503,13.389874208243688
2015-12-08,65.25081453196174,13.518851396064601
2015-12-09,65.10346865037533,13.697703105799357
2015-12-10,53.47713838383969,13.287525045992506
2015-12-11,51.47028609937493,14.39215000924884
2015-12-14,48.69380035443613,14.467241897804778
2015-12-15,47.56652373203603,14.372320353472242
2015-12-16,48.22323982726551,15.017293203913573
2015-12-17,48.27393670634195,15.612677478309283
2015-12-18,48.17300301114492,16.380071662857628
2015-12-21,49.59347806173429,16.61707377267769
2015-12-22,49.52063922418352,16.682396635123613
2015-12-23,49.336837894680365,17.078026138218693
2015-12-24,49.22183585561219,17.047465036674893
2015-12-28,53.51757954740077,16.54602458668276
2015-12-29,52.95330878274359,16.43504374574433
2015-12-30,53.15375900042177,16.034301229810662
2015-12-31,51.485937823013074,16.309068906453533
2016-01-04,47.94945622465844,16.086451518521113
2016-01-05,47.969546608440396,16.106126356537153
2016-01-06,47.875186091810555,16.392986563971387
2016-01-07,49.41696591041417,17.669562545176635
2016-01-08,49.57555017133919,17.812366000335114
2016-01-11,41.7657395914771,17.8295197659435
2016-01-12,42.64327706604002,18.06762576299449
2016-01-13,42.10047745979989,19.239517580336255
2016-01-14,39.63561640613179,19.721574884975194
2016-01-15,61.71391532182079,20.3605646660336
2016-01-19,63.925007111165286,20.138572879027212
2016-01-20,70.81004105444293,19.210700505741794
2016-01-21,71.10791234206401,19.38980563861269
2016-01-22,73.60555748811484,20.542679814110436
2016-01-25,70.31244391669715,20.81827497969357
2016-01-26,70.17061848015986,21.302201145674147
2016-01-27,70.22612940807142,20.841081283976994
2016-01-28,70.47082137450617,20.845808129924688
2016-01-29,70.4027201969192,21.90966265647974
2016-02-01,70.60693894900113,21.370168907346166
2016-02-02,70.64567431085752,21.536811993110476
2016-02-03,70.5875486614596,21.13544447323876
2016-02-04,72.49616981852355,20.957361791133096
2016-02-05,72.50167210428928,21.297058628381382
2016-02-08,69.75549300283586,21.036108830850917
2016-02-09,69.8292630240039,21.05501008665529
2016-02-10,70.06190714239892,21.06591427110136
2016-02-11,69.70874582911625,20.81372003264029
2016-02-12,69.86757374933154,21.974702386177945
2016-02-16,48.68646125661213,22.619514432739727
2016-02-17,48.91780671748074,22.95954027717298
2016-02-18,48.63222523281365,22.953684645290632
2016-02-19,39.05548068379149,22.71106654132654
2016-02-22,33.452686487950245,22.045270583489305
2016-02-23,34.058169941824055,22.124060627009868
2016-02-24,32.942288355422335,22.161212538098273
2016-02-25,32.95649528374826,22.314245441672842
2016-02-26,33.224810264136586,20.979629211622463
2016-02-29,30.79249656320363,20.624361550970274
2016-03-01,29.623098464861542,20.5744034791016
2016-03-02,30.921771154426185,20.588697246614817
2016-03-03,31.05189790319627,20.110769537374555
2016-03-04,31.90473297507283,20.090433841606508
2016-03-07,28.84001648983175,19.3589582358659
2016-03-08,28.851518736288106,19.072471769701906
2016-03-09,28.64357836516689,18.77452565726135
2016-03-10,28.631885449470445,18.39907734200425
2016-03-11,28.517811254735935,18.8261300246024
2016-03-14,28.976396106764017,17.678718776811962
2016-03-15,26.837090365856213,17.69401809443822
2016-03-16,26.276245973434214,16.721055431120966
2016-03-17,25.89356034130373,16.72811329417363
2016-03-18,26.353093352476453,16.73373994823802
2016-03-21,23.37157802715254,15.442468829175823
2016-03-22,23.64048274570763,14.670751149451517
2016-03-23,23.643150174068577,14.930117146974728
2016-03-24,20.728215591447867,14.920613701154926
2016-03-28,20.838857903496162,14.124997771995707
2016-03-29,21.436745762669062,13.323627188367354
2016-03-30,21.194685879810496,12.70946871299326
2016-03-31,21.236236079415967,12.150841433584711
2016-04-01,19.95387124251496,12.062751556549076
2016-04-04,16.693057538411125,12.15158120454536
2016-04-05,16.0567510157215,12.14848961284698
2016-04-06,15.446661111974604,11.620923461594426
2016-04-07,15.454618940387405,12.342162339300593
2016-04-08,15.557214813537273,11.97169348502394
2016-04-11,13.42040142946089,11.973030695096726
2016-04-12,13.43658632166123,11.816357965848379
2016-04-13,13.412267445773661,10.300954805147898
2016-04-14,13.413478823125457,10.280596395682533
2016-04-15,13.865956930822565,10.287425563096203
2016-04-18,11.247592276915192,10.400390773564022
2016-04-19,11.87412937964401,10.406859470886044
2016-04-20,12.313035526810635,9.695669064688836
2016-04-21,12.875745239050335,9.891840380236093
2016-04-22,13.22475872213962,9.901155008166898
2016-04-25,14.057666996595719,8.965625348584998
2016-04-26,13.20508840731621,8.937005984058779
2016-04-27,19.477553961726993,8.898893670973614
2016-04-28,18.663304287559324,9.29149670546811
2016-04-29,18.817139932640977,9.312055384649558
2016-05-02,20.269881094173,9.51142404048661
2016-05-03,20.49889172891691,9.882180008505543
2016-05-04,20.711849832410856,10.024463657258657
2016-05-05,20.676031782065458,9.822550379462657
2016-05-06,21.762917838227434,9.867691917900498
2016-05-09,21.59581874616731,9.868273206210997
2016-05-10,22.688120568575947,10.149888158449762
2016-05-11,22.694194342955864,10.47697051955686
2016-05-12,22.671204575065413,10.450026013645669
2016-05-13,22.607716604711424,10.5645187254215
2016-05-16,22.582269769503483,10.925637898022634
2016-05-17,22.43020627302441,10.874012242442008
2016-05-18,22.428991778476714,10.386212452128454
2016-05-19,24.512876886905612,9.822412307056775
2016-05-20,24.339338505052382,9.961536675391415
2016-05-23,23.789374914592194,9.944013104314413
2016-05-24,23.171069823952887,10.279622826286351
2016-05-25,23.22654667836223,10.050493536813319
2016-05-26,23.163221007302937,10.050408597438732
2016-05-27,22.328257901332183,10.11039780405882
2016-05-31,38.942598220621115,9.932394156070854
2016-06-01,38.42591683874771,9.908043713599556
2016-06-02,38.39780730936734,9.942792691916608
2016-06-03,40.82927427828787,9.850833611723719
2016-06-06,40.4865342267565,9.950833711092253
2016-06-07,40.99842227192659,9.936071940310846
2016-06-08,40.98650978832987,9.964707265158403
2016-06-09,40.520758723419256,9.969003249039242
2016-06-10,40.514010422341194,10.003379117707782
2016-06-13,50.839810175576226,10.143110650182567
2016-06-14,52.18118991380336,9.903318240026596
2016-06-15,51.80323552980289,9.562163659774015
2016-06-16,57.03275021245355,9.42830844651993
2016-06-17,58.06713740406462,9.507694611723673
2016-06-20,57.89329854090746,9.622482583018439
2016-06-21,66.867346220733,9.645679576745357
2016-06-22,76.1614686927092,8.99178907421926
2016-06-23,76.84097818985421,9.264096051034343
2016-06-24,78.34557813243,14.269177283195534
2016-06-27,74.71833045901741,14.982935817396918
2016-06-28,74.82656052369488,15.64101822309004
2016-06-29,74.96798390130827,16.175392228900165
2016-06-30,76.0038322502481,16.613666797865314
2016-07-01,76.00669900738261,16.564440372067217
2016-07-05,79.06446615618177,16.658436203111926
2016-07-06,78.98205761525259,16.717419762443665
2016-07-07,80.73208730214535,16.32935660204492
2016-07-08,81.40354103190728,16.75896581508519
2016-07-11,80.56306190561716,16.778142827326796
2016-07-12,75.04559015184844,16.852786986844706
2016-07-13,73.85099928476049,16.83491464993485
2016-07-14,73.50974264416678,16.885334161342175
2016-07-15,73.43875499416437,16.88908677281295
2016-07-18,67.38368354678373,16.85430661264752
2016-07-19,67.26613371058383,16.82286315917296
2016-07-20,66.65029919675942,16.848120936300223
2016-07-21,59.93855128403295,16.890248687628322
2016-07-22,50.25237923041451,16.910600832689244
2016-07-25,45.05522924074493,16.65668679745513
2016-07-26,41.988060873049314,16.442286244832108
2016-07-27,40.32953866500203,16.427871960855686
2016-07-28,40.15095735561678,16.40537345581604
2016-07-29,40.008569791800745,16.40008979634142
2016-08-01,38.05652915093058,16.340432928912026
2016-08-02,44.02323002957076,16.43790226232366
2016-08-03,43.74777688378965,16.438640088294203
2016-08-04,44.25523443222179,16.41661051884161
2016-08-05,44.02966770162791,16.178515187353547
2016-08-08,39.765101773812155,11.604114779216422
2016-08-09,39.769919155024255,9.88371985493108
2016-08-10,39.88866400283534,8.930263218892675
2016-08-11,38.948270790076464,7.827996001655199
2016-08-12,38.8023722999634,7.034971667523295
2016-08-15,39.062326607213755,7.045351431654563
2016-08-16,38.42706514274878,6.849274765223262
2016-08-17,38.41323088334411,6.717727533139274
2016-08-18,38.44466854882731,6.695718096919358
2016-08-19,38.46934333902958,5.4194680803869035
2016-08-22,38.41823563442485,5.368566431460829
2016-08-23,38.240757400425984,5.026111960796653
2016-08-24,38.18998285386632,5.292316177330261
2016-08-25,38.189770850777634,5.072804380215847
2016-08-26,38.17820398367589,5.089949043154003
2016-08-29,38.43271724793263,5.22276673788102
2016-08-30,36.288327405174606,5.23982489730348
2016-08-31,35.357571552313715,5.182385270858196
2016-09-01,18.71827053987714,5.0537734830267
2016-09-02,16.06521913517877,5.055465596908825
2016-09-06,18.11623716440643,5.043653345412139
2016-09-07,18.15391681892272,5.045271226385706
2016-09-08,18.733276188563067,5.08722750592511
2016-09-09,18.793943529649155,8.731726009220134
2016-09-12,20.446265936274322,9.714750619779823
2016-09-13,18.721936306209543,10.5693566246348
2016-09-14,18.572477444328996,10.422655748589934
2016-09-15,18.131214229389386,10.807238683725286
2016-09-16,17.940918782891806,10.854116461062398
2016-09-19,17.852980860086998,10.556800584921863
2016-09-20,17.863586452049063,10.558300443929827
2016-09-21,18.612952370654785,11.090369560918322
2016-09-22,18.528408209513863,11.223429993280162
2016-09-23,18.65745140356836,11.251703920834409
2016-09-26,18.06069965762572,11.481711226730097
2016-09-27,18.064038044621295,11.605306267526426
2016-09-28,18.100503009115272,11.612382262220743
2016-09-29,18.05736040413264,11.887135279603338
2016-09-30,18.04785073417616,12.085743934805938
2016-10-03,14.33454604267507,12.097248200983787
2016-10-04,13.488354022317974,12.178405867366383
2016-10-05,13.488354431082819,12.2399647799484
2016-10-06,13.36960522741454,12.158287989397044
2016-10-07,13.367850256349293,12.194862237520523
2016-10-10,12.159942264595731,12.284266277498139
2016-10-11,13.461407126981987,12.72500572360889
2016-10-12,13.735960889474413,12.732572086737884
2016-10-13,13.736851723582724,12.740144017801933
2016-10-14,13.787621079277285,12.742653441449969
2016-10-17,13.748147792256582,12.680702825172926
2016-10-18,13.716817815587534,12.798079882831608
2016-10-19,14.228986244929981,12.833420063151427
2016-10-20,14.20827507076634,12.829115276341083
2016-10-21,12.92257965681441,10.685612209625264
2016-10-24,16.560635909745418,9.914909291783596
2016-10-25,16.493878925180347,8.989747398830207
2016-10-26,18.227114625394677,9.013098586307734
2016-10-27,18.381861248782343,8.56579408491868
2016-10-28,18.28928472262889,8.535421807979604
2016-10-31,21.490049021660948,8.535064390265878
2016-11-01,23.66285908879317,8.781552310537664
2016-11-02,23.775779658225982,8.211204453635942
2016-11-03,33.01651897750433,7.980133948238516
2016-11-04,33.37533483941581,7.881151462064142
2016-11-07,33.77987132522762,10.060232447559239
2016-11-08,33.72443160725199,9.978791039655842
2016-11-09,33.96663028747466,10.35573318576049
2016-11-10,33.04987007334552,10.014744965783084
2016-11-11,32.88583979108965,9.80599624894784
2016-11-14,33.4052157414877,9.780993541508664
2016-11-15,33.44894102910686,9.89378817835046
2016-11-16,35.4363652673585,9.848435385485507
2016-11-17,35.4845152178554,9.945460409893174
2016-11-18,35.217917428102446,9.910412417645045
2016-11-21,35.237408245660795,10.027884826524588
2016-11-22,35.39052210002945,9.20197337778986
2016-11-23,35.502114318379405,9.203120485169396
2016-11-25,34.68416933297085,9.138515657552125
2016-11-28,33.260640522454366,9.301614885773622
2016-11-29,32.78450495387789,9.200335813836809
2016-11-30,32.95616323085204,9.138740285388096
2016-12-01,31.164149682816856,9.224526667943874
2016-12-02,31.85389708744017,9.190177511407672
2016-12-05,23.37319801995036,9.306690688977156
2016-12-06,23.265149812274004,9.279947067732518
2016-12-07,22.87887973695225,9.80227566643886
2016-12-08,22.795232893492297,9.745181060788259
2016-12-09,22.28569254950336,9.729467345912504
2016-12-12,21.60792315563978,9.662787378391108
2016-12-13,21.503264050636336,9.73117757258831
2016-12-14,21.512752044237157,9.82215087865924
2016-12-15,21.552593161618912,9.51178864984548
2016-12-16,17.660214275008407,9.368355148448643
2016-12-19,17.270774992602668,9.300817990867628
2016-12-20,14.981360645655137,7.365779570692411
2016-12-21,18.450908909035864,7.470783811070918
2016-12-22,20.32625057763523,7.082306179113794
2016-12-23,26.276616679645198,7.076745383617775
2016-12-27,27.907452719248067,6.987185163064363
2016-12-28,29.839288855911033,7.560683696525486
2016-12-29,29.908249648904434,7.324394018826766
2016-12-30,30.545324659966777,7.4053590008241565
2017-01-03,31.02645460074974,7.558335465897622
2017-01-04,39.531215430888636,7.612221601716894
2017-01-05,57.61997375706014,7.410478288220398
2017-01-06,68.16880366945577,7.440915526616592
2017-01-09,68.29605772465176,7.552508393669548
2017-01-10,68.20936897261326,7.515657172162378
2017-01-11,82.39722365386548,7.339643522234669
2017-01-12,82.99606750783508,7.412704808576609
2017-01-13,83.25184001628465,7.3482511907330474
2017-01-17,86.94402358001636,7.339557732576539
2017-01-18,87.33214310611777,7.342204841562158
2017-01-19,87.36275979996869,7.336514560255019
2017-01-20,86.67959505802638,7.351318752376598
2017-01-23,84.12744203498781,6.466351835283025
2017-01-24,84.63535552088312,6.671346122571858
2017-01-25,84.60244563148784,6.8948679233758385
2017-01-26,84.36082269191776,6.892620779276373
2017-01-27,83.26913916608731,6.6787885996727665
2017-01-30,83.20808564830003,6.469422307675951
2017-01-31,84.04030743390018,6.376370830471665
2017-02-01,83.94450775284916,6.340292441139277
2017-02-02,83.97754102560607,6.318185724087118
2017-02-03,78.47770686388638,6.521679523851037
2017-02-06,59.40193839162031,6.485244314242278
2017-02-07,59.618780901613945,6.453448527675235
2017-02-08,59.47518775740364,6.451657321119053
2017-02-09,63.05312202930232,6.617216974807453
2017-02-10,41.979728073068586,6.1133956178919
2017-02-13,41.23322073316472,6.230217604809031
2017-02-14,41.28500090921314,6.1016418518540245
2017-02-15,41.27008121960871,5.928234399186271
2017-02-16,33.58014301394039,5.802587090984248
2017-02-17,32.74104894909725,5.77319993949574
2017-02-21,33.65174237026902,5.895117887662458
2017-02-22,33.5395621096176,5.770026364054896
2017-02-23,33.20552017092619,5.758925440000798
2017-02-24,33.215263795611435,5.744046588360425
2017-02-27,34.65820373335654,5.623849398792529
2017-02-28,34.604472602235134,5.7492838719166475
2017-03-01,35.39959732562867,6.616411307549725
2017-03-02,33.20342188424321,7.034129095811615
2017-03-03,33.202897212261895,6.856792838641139
2017-03-06,33.45446644395892,6.969076837078412
2017-03-07,35.51911862878207,6.990036847329292
2017-03-08,40.54779643801028,6.903144439315076
2017-03-09,41.098734586863166,6.544193121359136
2017-03-10,45.343955535540196,6.550727472822775
2017-03-13,43.51059067762393,6.502050659905419
2017-03-14,43.36044119642607,6.2968686039225865
2017-03-15,43.101538383316544,6.622026042956729
2017-03-16,46.25234016246515,6.695452321461034
2017-03-17,52.03055033947961,6.759835735681068
2017-03-20,65.74053331340647,6.599652991301147
2017-03-21,68.03502398819361,7.73082269831618
2017-03-22,70.2629328903679,7.739170015558193
2017-03-23,69.59516847606236,7.759232485680921
2017-03-24,75.36209114926828,7.618798253889758
2017-03-27,78.62248850210261,7.566178453036006
2017-03-28,78.37169760513571,7.687909679038799
2017-03-29,78.22594005583949,7.6184347352534125
2017-03-30,78.2568570364417,7.529561410852288
2017-03-31,78.63733189167002,7.561993801720172
2017-04-03,79.18050025841062,7.574052733218507
2017-04-04,79.108027416003,7.3770812809223845
2017-04-05,79.07614137725105,7.423676484261761
2017-04-06,79.85854475024526,7.467776761483802
2017-04-07,77.76491637886095,7.463544460803615
2017-04-10,73.45135086859159,7.450394438661194
2017-04-11,72.72367189763304,7.4173972947364
2017-04-12,72.67866113229383,6.225814480174284
2017-04-13,73.00872681482815,6.241757868436182
2017-04-17,56.595510687952654,6.815262411109167
2017-04-18,54.14045235769892,6.815480271183034
2017-04-19,54.0573457948792,6.785528084748135
2017-04-20,51.47736561472863,7.196456963625161
2017-04-21,47.25923179207999,7.242623923147764
2017-04-24,35.028946035427296,7.864834339199235
2017-04-25,34.767572045112,8.038109708592927
2017-04-26,27.853206617099485,7.949861618922189
2017-04-27,28.479490099913562,7.557443996536264
2017-04-28,28.26741338458992,7.56274593935385
2017-05-01,28.98065619673389,7.573526961424551
2017-05-02,29.04557695349494,7.56309662506988
2017-05-03,28.254318080954942,6.469174443230635
2017-05-04,28.45195055467547,6.451590380923092
2017-05-05,27.954858195857046,6.499621255575572
2017-05-08,31.276934993333498,6.490231037009502
2017-05-09,31.30849477136939,6.487623702966879
2017-05-10,31.06702206120106,6.204230619693322
2017-05-11,31.611977758768013,6.251785028052573
2017-05-12,39.62056703745518,6.231844416151097
2017-05-15,41.93067928650285,6.34889350845988
2017-05-16,42.15319287010835,6.326494456761465
2017-05-17,44.17271171237085,8.306201144082966
2017-05-18,44.313933978168045,8.332287045123515
2017-05-19,45.25938770733893,8.495620190158192
2017-05-22,48.75057896418532,8.58952814883199
2017-05-23,49.10405899630891,8.602084925035783
2017-05-24,49.73242255724291,8.59677411749215
2017-05-25,54.9240193081011,8.527779704880308
2017-05-26,58.091389312353314,8.230075511881212
2017-05-30,67.35541743424636,7.933752108544864
2017-05-31,67.19430926361808,7.854263893792321
2017-06-01,67.9823133182773,8.047951116713755
2017-06-02,68.1008349850921,7.817017002528654
2017-06-05,69.77432139298716,7.728301116064651
2017-06-06,70.99082911630235,7.270555581793321
2017-06-07,71.39298340279979,7.124859295694241
2017-06-08,71.46192432102019,7.113995538465769
2017-06-09,71.50712709010992,7.144018041728138
2017-06-12,75.67245543468772,7.098393974804395
2017-06-13,75.64036267814173,7.1824984938930445
2017-06-14,79.00506004949216,7.20691055823793
2017-06-15,79.34782460083552,7.226707359772148
2017-06-16,78.16553951374873,7.2269309282576755
2017-06-19,78.6769933013917,7.501639678262332
2017-06-20,79.14007891127116,7.816299735560089
2017-06-21,77.73130620807072,7.807202895201229
2017-06-22,75.73695080512772,7.8056805674871885
2017-06-23,74.50380444848341,7.7676606879075685
2017-06-26,69.87235623399846,7.735627668569263
2017-06-27,68.66520764948058,8.009032120014394
2017-06-28,67.64172415762259,8.376813625639087
2017-06-29,66.78219614181108,6.917630647065309
2017-06-30,65.89419561531459,6.862043539318012
2017-07-03,64.59429565915094,6.65858275301562
2017-07-05,61.59997561471289,6.548723263435627
2017-07-06,58.494716345119144,7.115439248838952
2017-07-07,57.82523017931306,7.319354495544054
2017-07-10,58.18599479197984,7.203821034977398
2017-07-11,58.133558611706114,7.208423603672228
2017-07-12,50.83071248280001,7.498830837686524
2017-07-13,50.42364018706478,7.502766949062685
2017-07-14,47.45807080655119,7.281115706198506
2017-07-17,69.75854227073512,7.2317922218623485
2017-07-18,70.13340923742703,7.224597542865189
2017-07-19,70.04953938397611,7.282879478290635
2017-07-20,93.48208657846675,7.274599319592124
2017-07-21,94.81027647001756,7.28789625190185
2017-07-24,95.12015706579578,7.26526087854929
2017-07-25,97.16476014303521,7.279151235523422
2017-07-26,96.4503597341258,7.172910470835658
2017-07-27,97.38082229839674,7.1661070814495185
2017-07-28,98.37944949171141,7.146686307813434
2017-07-31,98.82712654739119,7.153847104306818
2017-08-01,100.14266154755119,6.791287958465297
2017-08-02,99.97246216215355,6.446389894891857
2017-08-03,100.34839106178433,6.484391274128104
2017-08-04,100.70695214090148,6.487449631917194
2017-08-07,105.92073905850805,6.495380161567238
2017-08-08,105.54237038380008,6.557499422468776
2017-08-09,103.95358224504696,6.0310169592523
2017-08-10,103.6568776295051,6.980864385240375
2017-08-11,105.26729031983746,6.463476450640881
2017-08-14,96.74230085121673,7.015427124806129
2017-08-15,96.66223195823724,7.011612615390603
2017-08-16,90.20935451780376,7.001437146868128
2017-08-17,90.5431517465476,7.978960068401064
2017-08-18,91.53188328780082,7.7812053811792365
2017-08-21,68.4086586141992,7.778446213982836
2017-08-22,67.39720582302337,8.32824362527425
2017-08-23,67.38400919742857,8.130833047432425
2017-08-24,63.37530377932276,8.14520126314254
2017-08-25,62.530096406630534,8.055845035773887
2017-08-28,59.78859388007736,8.05600811861202
2017-08-29,60.31505716101785,8.062350507761607
2017-08-30,60.09953753845828,8.02468693272577
2017-08-31,56.24219630965697,8.218455046823552
2017-09-01,56.195549289459834,8.222600089285223
2017-09-05,59.36884614199034,8.493330799078475
2017-09-06,59.31754371913319,8.523407721493564
2017-09-07,59.38031460449097,8.523354470886769
2017-09-08,64.72715228657988,8.525790600323944
2017-09-11,59.48914664240396,9.06199730181398
2017-09-12,57.979141802795276,9.100537775751288
2017-09-13,57.87322197532342,9.084810853578228
2017-09-14,82.44420366335501,9.087011949659646
2017-09-15,92.24062927541254,9.064727820299385
2017-09-18,99.23621377165998,9.069102656266162
2017-09-19,99.47834058264826,9.061152624384677
2017-09-20,99.30686513959502,9.019210482218124
2017-09-21,101.15285668397102,9.06639406580608
2017-09-22,101.04158618703573,7.9313799638262665
2017-09-25,103.22718509618612,7.9759984811682925
2017-09-26,103.18944226813667,7.500435765514521
2017-09-27,105.77630243792255,7.560986904857568
2017-09-28,104.90707323321162,7.555736875435996
2017-09-29,104.90710344524568,5.792558143414498
2017-10-02,102.96490164305257,5.794434491967899
2017-10-03,103.1212963575847,5.793992160950421
2017-10-04,100.71593550076423,5.143183945058853
2017-10-05,100.48770245053949,5.111324677144056
2017-10-06,99.44287697214834,5.044513308264519
2017-10-09,97.46359475739207,5.122657189750878
2017-10-10,97.08534670681904,5.117101328607124
2017-10-11,97.08537280426043,5.115961541147854
2017-10-12,102.63438014820952,5.09482652353725
2017-10-13,100.63997627050082,4.897520830426394
2017-10-16,67.70356679518112,4.897208113016132
2017-10-17,68.08675168890304,4.212522452405489
2017-10-18,59.468753515698445,4.1713399312777275
2017-10-19,57.921327936175906,4.160903559656511
2017-10-20,58.76336947452175,4.2305979831743326
2017-10-23,52.93351432233616,3.5717299422631097
2017-10-24,57.10434884187925,3.5120412773463547
2017-10-25,55.660070023843936,3.9159756165691575
2017-10-26,55.418469463241614,3.9023169667211874
2017-10-27,53.038553912354594,4.431999082462201
2017-10-30,54.83776286102879,4.6370103307165405
2017-10-31,56.17865994635747,4.640592218398052
2017-11-01,56.831824149630414,4.638443043427148
2017-11-02,56.485131940895826,4.511586343699106
2017-11-03,55.37909322253872,4.5498030369242235
2017-11-06,59.169454380470185,4.446193212287679
2017-11-07,58.68810385785852,4.479743376276711
2017-11-08,58.99909001671946,4.412611080894452
2017-11-09,61.27748436668286,4.628492286857651
2017-11-10,66.57777741443019,4.582530213360877
2017-11-13,67.49065354050137,4.465760300758763
2017-11-14,66.89092519865736,4.53502181916376
2017-11-15,72.05099910753499,4.817308860714994
2017-11-16,73.88421896930869,5.117687862654403
2017-11-17,74.37125019436198,5.19445595905362
2017-11-20,73.58605343510561,5.167200858021506
2017-11-21,73.86895107818808,5.419051442666037
2017-11-22,73.62675962851306,5.431336431980847
2017-11-24,70.07802212558767,5.414945518904406
2017-11-27,72.3829523465664,5.424662385362038
2017-11-28,70.88238369389407,6.071519146471087
2017-11-29,71.31353080508475,6.088521463386113
2017-11-30,70.64161319383612,6.49333127453517
2017-12-01,71.90909648616692,6.55758857652947
2017-12-04,71.50963881376573,6.475946066999294
2017-12-05,71.45004702167226,6.457562461071062
2017-12-06,83.18784023043357,6.4556665481230455
2017-12-07,101.57364672457363,6.244904935814908
2017-12-08,106.1699599620531,6.368796691931568
2017-12-11,104.64388708142283,6.053016246063563
2017-12-12,100.38213149794895,5.879327947521632
2017-12-13,102.296466979147,5.892325189612577
2017-12-14,102.33231925945718,6.090113803167272
2017-12-15,100.95894936999039,6.43746046092772
2017-12-18,102.1985792834364,6.576052670206368
2017-12-19,106.42164806101468,6.749480933135654
2017-12-20,109.81483619239143,6.745424406488655
2017-12-21,111.35308558505213,6.7483873861862875
2017-12-22,120.14085708743968,6.605899906593364
2017-12-26,125.69943517343307,6.6302744034380465
2017-12-27,125.68843961461624,6.633811152041432
2017-12-28,128.747153886442,6.546134937618742
2017-12-29,128.4760730882609,6.448709279122909
2018-01-02,137.91614513045965,6.334114392494971
2018-01-03,137.7995742825094,6.3434810569354125
2018-01-04,137.83597001794368,6.382829932468664
2018-01-05,131.50892181442663,6.3906163126147595
2018-01-08,112.89946824327019,6.337920740252681
2018-01-09,113.3046324794841,6.337702008171296
2018-01-10,110.1464174639607,6.379082535457845
2018-01-11,113.89906474493475,6.110836622561253
2018-01-12,113.76218020514133,6.212744485947201
2018-01-16,119.19431211798188,6.07488823118535
2018-01-17,119.13133007030801,6.3767736326978435
2018-01-18,118.60098635466092,6.398998092527039
2018-01-19,117.76540763215321,6.210608895910482
2018-01-22,118.97279568740926,6.399106159284651
2018-01-23,118.23551052033012,6.397635486374255
2018-01-24,119.13819234128073,6.388917712878171
2018-01-25,110.94072290739668,6.408528521322933
2018-01-26,110.9385441381913,6.9468226001207585
2018-01-29,104.83680305601098,7.408327606232334
2018-01-30,105.38561513266399,8.067106747276139
2018-01-31,105.3133880209564,7.863548755954102
2018-02-01,104.467801925395,7.793524554721562
2018-02-02,104.22375499383665,10.281890255052957
2018-02-05,108.58821761690267,16.32795122967594
2018-02-06,115.39302390114716,17.30928163247057
2018-02-07,114.10844916068415,17.38597377634383
2018-02-08,117.89622829170719,20.622977129100217
2018-02-09,119.18874545837332,21.143442930793164
2018-02-12,119.11408576341502,21.59367776304854
2018-02-13,119.03820238967258,21.582713204297736
2018-02-14,123.52375023704198,21.8406620483864
2018-02-15,114.31683606735672,22.0748632248306
2018-02-16,114.15305572295978,22.044029024645344
2018-02-20,110.52855332569062,22.033204782197632
2018-02-21,110.77982425925387,22.065949281378515
2018-02-22,112.39387638276617,22.057319026245526
2018-02-23,111.93206397118925,22.554555701253605
2018-02-26,114.53800402873635,22.70666654386114
2018-02-27,114.65180047074956,22.91944083330391
2018-02-28,114.35886452842348,23.079495501785644
2018-03-01,110.6148939234308,23.21828072326003
2018-03-02,110.62199339122469,23.296482315488248
2018-03-05,104.59812451259806,23.531871257211794
2018-03-06,102.03592696077311,23.399976428872435
2018-03-07,90.24779101521858,23.380614405206444
2018-03-08,87.67946941606641,23.44630232063962
2018-03-09,87.4776188048668,24.04026712567481
2018-03-12,88.28765040705088,23.768017610925714
2018-03-13,86.39116024902637,23.764567815477545
2018-03-14,87.79575266853895,23.63447600850511
2018-03-15,87.18176258240163,23.631543261094627
2018-03-16,81.87017973100733,23.637770509030425
2018-03-19,78.2877621778879,23.101189112427374
2018-03-20,78.03090429955259,19.319481905688754
2018-03-21,75.4136116266314,18.51781541389162
2018-03-22,75.20115523640087,19.897136153547496
2018-03-23,73.65835537644455,17.592332577615185
2018-03-26,70.43201272750458,18.779346361396986
2018-03-27,71.38773294602699,18.976779146000716
2018-03-28,67.92844872370917,18.96878075388098
2018-03-29,72.06440906095148,18.92417125596349
2018-04-02,69.46084146989529,19.44350238396381
2018-04-03,71.99571716569905,19.890446717977596
2018-04-04,74.49176440419555,20.133423545102392
2018-04-05,72.79182910637557,20.24769335476093
2018-04-06,70.37847522793516,21.227232092797944
2018-04-09,70.46369944319255,20.696114577945316
2018-04-10,65.83349612263146,20.963666596787327
2018-04-11,65.83771360597075,20.73211688383724
2018-04-12,76.35379222725824,20.723520706815123
2018-04-13,70.1051909739548,20.30628510221716
2018-04-16,70.30449224538664,20.39474167040418
2018-04-17,69.61943154007868,20.35426331892968
2018-04-18,68.78772844639155,20.340654120405127
2018-04-19,68.24481359919741,20.400627686986965
2018-04-20,70.93636310096122,20.47301674298467
2018-04-23,70.27911760997608,19.74879534377296
2018-04-24,73.79248443065384,20.06201796101148
2018-04-25,78.18005125909893,20.047418889094253
2018-04-26,77.81031371973795,20.29151123930506
2018-04-27,78.51394299385231,20.29901184478155
2018-04-30,71.10948976876912,20.384232721657234
2018-05-01,70.9389876565439,20.054609571343914
2018-05-02,70.55665231511801,20.116449771499607
2018-05-03,70.68049963936225,20.117791085433726
2018-05-04,65.10663898761749,19.1226549365579
2018-05-07,65.19719568395188,17.9792001887376
2018-05-08,65.56781631547095,16.220936201919198
2018-05-09,64.11569592557353,15.570638747699206
2018-05-10,65.2243413216135,15.696793283598238
2018-05-11,68.95859491051071,15.345376484595963
2018-05-14,59.586903736661114,13.71158815605077
2018-05-15,58.88803535260217,13.550008793695673
2018-05-16,58.26474599340617,13.289901302420903
2018-05-17,58.82551372718575,13.14263170957299
2018-05-18,58.32430619087876,11.190245729592922
2018-05-21,55.738902049256644,11.283855098573884
2018-05-22,57.139442765555515,10.505007801783751
2018-05-23,59.36658558523408,10.350772062577533
2018-05-24,53.31675431563632,10.17289141897841
2018-05-25,47.104496657576725,10.156271883132028
2018-05-29,44.856680085297675,10.526331171863331
2018-05-30,44.728102733606804,10.775869449727717
2018-05-31,45.02925827201138,10.934867579829763
2018-06-01,44.82763154876042,11.149697381668586
2018-06-04,41.58799818236359,10.868503070765712
2018-06-05,42.03611425455373,10.863263790674377
2018-06-06,41.6207581984537,10.133048222244941
2018-06-07,41.64366396920822,10.145338805693834
2018-06-08,41.370317836324475,9.83638449594851
2018-06-11,46.79167289402526,9.83525272272028
2018-06-12,47.22505025172775,9.442631317609171
2018-06-13,47.76580015314102,9.551612495735114
2018-06-14,50.68170882341718,9.220063665968162
2018-06-15,51.15269506869847,9.187879303092657
2018-06-18,51.93713616896677,8.648631984626162
2018-06-19,50.783896802049696,8.76071571675988
2018-06-20,50.83271059461598,8.754286865825032
2018-06-21,49.498271201539595,8.647877110093585
2018-06-22,54.36882611865853,8.266472337589322
2018-06-25,54.76923999514697,9.18911992218749
2018-06-26,55.0193508248021,9.211931224828245
2018-06-27,54.669599294578774,9.311920846131462
2018-06-28,53.48019673635969,9.381744837286544
2018-06-29,56.21612299163622,9.387558386048587
2018-07-02,57.79537098876101,9.373782442597447
2018-07-03,57.66575991537744,9.172710281371902
2018-07-05,57.253211415526664,9.441810927879374
2018-07-06,57.28572736945357,9.713664646898316
2018-07-09,57.97498217420337,9.992803822983355
2018-07-10,52.751022898979414,9.97912153932367
2018-07-11,52.549006021285784,9.58523503815904
2018-07-12,51.26897334594342,9.189406843713046
2018-07-13,50.24221533789982,8.939522573496173
2018-07-16,50.05454735903915,8.577810786447825
2018-07-17,55.244866038920016,8.55243902068982
2018-07-18,54.43638885273523,8.56044106744421
2018-07-19,54.50981357571786,8.360054873073432
2018-07-20,54.77021481069403,8.371545532618278
2018-07-23,45.89896883791,8.348826778242369
2018-07-24,51.497152307056425,8.45276993764718
2018-07-25,52.75472062278163,8.762005332237205
2018-07-26,52.9483143799073,8.732629982730735
2018-07-27,53.193474202914494,8.985417910795471
2018-07-30,49.26142658948255,9.124541546031624
2018-07-31,52.009880572868184,9.189106669117825
2018-08-01,51.84233696998158,9.119906671753801
2018-08-02,51.70914160988672,9.221076856811248
2018-08-03,52.09059846424625,9.024961139080256
2018-08-06,54.57789565926231,9.053099010927747
2018-08-07,55.13095556680669,7.890143754789497
2018-08-08,58.58921322253596,7.9135153587403835
2018-08-09,56.92948680780647,7.39113457119663
2018-08-10,59.55864298258477,7.705054774319289
2018-08-13,59.308088695007946,7.852616827965789
2018-08-14,59.344178156792196,7.985820227950693
2018-08-15,56.93242801769293,8.277419186381781
2018-08-16,51.033742693447415,8.272659858047737
2018-08-17,52.43945933895237,8.024589107664692
2018-08-20,53.073405197467615,7.683359480658872
2018-08-21,53.94429185634435,7.654064718178573
2018-08-22,52.47532092296444,7.264357636077626
2018-08-23,45.207136839496656,6.893474256502542
2018-08-24,45.95380325965753,7.059028573910653
2018-08-27,45.526311321135,7.314037005733062
2018-08-28,46.653623834912686,7.267601468728565
2018-08-29,46.65731590036877,7.36742597980847
2018-08-30,44.68753244262626,7.384202710718507
2018-08-31,44.536123445624405,7.359515834002271
2018-09-04,42.00069458693069,7.406580144212252
2018-09-05,48.01228626433794,7.3915024918536
2018-09-06,48.647298415003014,7.107375991752594
2018-09-07,44.35975812150122,7.093883744021626
2018-09-10,40.28263894609772,6.754194547345836
2018-09-11,40.26592776571717,6.54275269651587
2018-09-12,40.27134818692923,6.4431920724335985
2018-09-13,40.631891098178855,6.552125519439227
2018-09-14,40.36062132843733,6.430507190122732
2018-09-17,39.67146256831538,6.602222685173165
2018-09-18,39.71844862765634,6.690071293750183
2018-09-19,38.69385993883325,6.646679987651331
2018-09-20,38.20134076555934,6.97515047837519
2018-09-21,38.9370887227987,6.963397807776472
2018-09-24,37.76293727136068,6.702928501495258
2018-09-25,38.24467740190336,6.575525160382879
2018-09-26,37.45746240420223,6.490870441066362
2018-09-27,37.2647618459048,6.009037244940267
2018-09-28,37.246011313633126,5.6503255864916895
2018-10-01,36.414774484663006,5.648490617937171
2018-10-02,36.17855332731469,5.652624656036435
2018-10-03,36.200300064499,5.634820583388392
2018-10-04,36.09956240722701,6.155510438234619
2018-10-05,27.934856605647866,6.388655865806037
2018-10-08,22.52848205763753,6.163201433700053
2018-10-09,22.358739747608542,5.731165232725728
2018-10-10,22.54140262929683,10.908273132195056
2018-10-11,27.218371601491214,12.310803030962667
2018-10-12,27.19252759210799,13.12840116986794
2018-10-15,29.599208546656115,13.172038307736644
2018-10-16,29.57203128511317,14.809948803528187
2018-10-17,27.517698150499275,14.803933452862783
2018-10-18,27.442678973855216,15.318537457608695
2018-10-19,27.427190384186485,15.318306747675619
2018-10-22,25.05240202377921,15.321328380445637
2018-10-23,25.05253676467813,15.291131999728622
2018-10-24,24.605021026423103,17.442368054726508
2018-10-25,23.695341260669213,18.27249740565336
2018-10-26,23.59278982986255,18.790895521547508
2018-10-29,23.021317897402234,18.79377803652158
2018-10-30,22.97934318822478,19.337425888923025
2018-10-31,22.95190707595525,19.690620108627797
2018-11-01,23.136175250550508,19.818722681542322
2018-11-02,23.043061828116024,19.843692356267358
2018-11-05,22.767389300636502,19.971546003956167
2018-11-06,22.849242322278148,20.117484948679003
2018-11-07,22.967372118206416,21.188963059457837
2018-11-08,23.193605302250305,21.15872123045065
2018-11-09,23.257300644712302,21.3008941231625
2018-11-12,17.833918546097408,21.82326403193871
2018-11-13,17.84595992833774,21.81782803112059
2018-11-14,31.383226910241397,21.839215802799362
2018-11-15,31.516634977326515,22.092962668040013
2018-11-16,31.588042288763507,22.102724232641343
2018-11-19,51.270783599205735,22.539194751762142
2018-11-20,56.23890777516647,23.03438528390197
2018-11-21,57.67304371899647,21.339452307558382
2018-11-23,58.669159179573406,20.49087271830418
2018-11-26,67.70383284937215,20.640909745836016
2018-11-27,68.00846381484264,20.631451146559197
2018-11-28,77.12111927935042,20.74063077940113
2018-11-29,77.2058101421866,20.74326927593978
2018-11-30,78.47267944367003,20.41228250413547
2018-12-03,81.22604937019543,20.768823330464844
2018-12-04,81.59466839113163,22.876463734939737
2018-12-06,82.70046696155264,22.83845084614895
2018-12-07,82.21221097476511,22.08613628988834
2018-12-10,84.44303414815411,21.4311386399443
2018-12-11,84.22134984427689,20.816967973005614
2018-12-12,84.88058083224125,20.804081776160555
2018-12-13,85.15663704627971,20.344260505087135
2018-12-14,81.62005624553123,20.742655208781972
2018-12-17,87.36999298320026,21.10019099368047
2018-12-18,88.56042237905393,21.07402985055758
2018-12-19,79.8618681926389,21.270359145214133
2018-12-20,81.87231564580952,21.442255365088382
2018-12-21,82.75304812538677,20.662634557572385
2018-12-24,75.30672712917257,21.578151995758486
2018-12-26,75.33323311586825,26.792037502353764
2018-12-27,76.89472424092743,26.600486399016955
2018-12-28,72.9383035935302,26.603061219422745
2018-12-31,70.11431221624969,26.785474388265584
2019-01-02,68.71487812955682,26.533511159129645
2019-01-03,69.01136641752639,27.192312547591097
2019-01-04,67.26795818897516,28.854612544067543
2019-01-07,65.75105149560744,28.54029133616186
2019-01-08,64.95594186758055,28.67287585152552
2019-01-09,64.11210259387057,28.660866376251416
2019-01-10,69.65805234122348,28.261950392228268
2019-01-11,69.49978869614831,28.236162168941338
2019-01-14,68.96820137424292,27.351117523494196
2019-01-15,69.3490488859028,27.623243502829503
2019-01-16,64.79966623456353,27.556215686575147
2019-01-17,63.683830241140626,27.342232869558753
2019-01-18,63.57047763594863,26.017296105522096
2019-01-22,54.12071107427071,26.301588953158365
2019-01-23,53.6738433170165,25.401738761386206
2019-01-24,50.34483020004215,25.396783445640736
2019-01-25,50.20129052857023,25.510460566094157
2019-01-28,42.96953345168986,25.574767704056384
2019-01-29,42.739202551196996,25.577444989539394
2019-01-30,42.06164450942215,25.344831211588513
2019-01-31,41.180069748726496,24.639608515847975
2019-02-01,40.42167206706309,24.626369700957007
2019-02-04,40.092259260490756,24.113854642817003
2019-02-05,35.5973370695487,23.414217677262688
2019-02-06,35.651542826005226,22.320142089587254
2019-02-07,35.594547688952055,20.749443020503993
2019-02-08,42.68774588446076,15.888619805570764
2019-02-11,33.38834016978314,15.846565119439799
2019-02-12,32.160798499045576,16.04656530353374
2019-02-13,29.727929881230295,15.966152171927567
2019-02-14,29.149961959252877,16.032074112158067
2019-02-15,29.081473020312558,13.938555297407735
2019-02-19,32.40472512504921,10.973592822951138
2019-02-20,32.39160226518448,10.888747800315478
2019-02-21,32.660653874693224,10.878317900404047
2019-02-22,32.678317094744834,10.912443894428876
2019-02-25,42.67628216419582,10.915065175790446
2019-02-26,42.71483946497074,10.938752063930572
2019-02-27,41.45554898643526,10.669208881433088
2019-02-28,41.35681039245334,10.420433817679454
2019-03-01,41.30446773552961,10.483405938710886
2019-03-04,41.82312554377936,10.50669526093978
2019-03-05,42.50074542071556,9.993379727254151
2019-03-06,42.47538417326189,9.209994638893647
2019-03-07,42.47600657574496,9.67029032954142
2019-03-08,42.13318547713506,9.718647213926257
2019-03-11,36.753130604532515,10.236610586060957
2019-03-12,36.742417584131346,9.87492248749637
2019-03-13,36.535706928288256,9.914715985147398
2019-03-14,36.54029805116817,9.075305627395101
2019-03-15,36.5061277037811,8.881426724865841
2019-03-18,36.94916238367056,8.895993234369111
2019-03-19,36.90572210297592,8.75519801023012
2019-03-20,32.1768566893984,8.804914366750364
2019-03-21,32.43086013490789,9.238279543016516
2019-03-22,32.21396968526723,10.612256344891955
2019-03-25,30.474497353848268,10.628151528495488
2019-03-26,18.01171968298212,10.778206687545518
2019-03-27,18.639516585797185,10.385717113005601
2019-03-28,18.535394430733813,10.397895350696043
2019-03-29,18.580969253359225,10.472841320996565
2019-04-01,18.844507889558002,10.552850442051716
2019-04-02,49.30392014523419,10.553033787373593
2019-04-03,48.53772183949678,10.550515116095376
2019-04-04,48.213308137935236,10.465670675288008
2019-04-05,48.37381613301163,10.418076332425729
2019-04-08,48.53612794645548,10.418988142810008
2019-04-09,48.98237240452077,10.568655652721974
2019-04-10,48.71818019864806,10.579278740905528
2019-04-11,51.724769522959214,10.549103025053222
2019-04-12,51.66339580032636,10.571329449912353
2019-04-15,52.20496804871322,10.485387140405237
2019-04-16,52.54503156195513,10.455749007566167
2019-04-17,52.53126604995,10.280292144294338
2019-04-18,52.53079786013476,9.83585129967513
2019-04-22,52.174075223027394,9.771488143586799
2019-04-23,52.39404889176146,9.287236227663854
2019-04-24,52.61026378972614,9.34090252181559
2019-04-25,55.257534978448454,9.241158241014794
2019-04-26,55.05734584815154,9.26711857530595
2019-04-29,55.19343256223691,9.212249277675317
2019-04-30,55.22775995475481,9.19286096865607
2019-05-01,55.21582233127101,9.54492096871983
2019-05-02,31.784444680696534,9.516179953441755
2019-05-03,33.86455294775838,9.387431862784872
2019-05-06,33.571709093809396,7.2973686302627145
2019-05-07,33.01346290444565,9.028823452669595
2019-05-08,33.409415485901654,8.84714133382194
2019-05-09,33.75805790957464,8.739453956854701
2019-05-10,34.30514710684251,8.782685075863132
2019-05-13,55.085479633693545,11.482624283267565
2019-05-14,55.13973338226273,11.256193997292083
2019-05-15,54.25976549733021,11.394142087302301
2019-05-16,56.357596209848595,11.703338969758331
2019-05-17,61.436590316170026,11.83249067879763
2019-05-20,70.31492924116176,11.879210275027951
2019-05-21,70.26360470569985,12.191735934576748
2019-05-22,71.71662903401663,12.134640503931767
2019-05-23,71.60053667463082,12.574880557012676
2019-05-24,70.99351149252676,12.604206630907399
2019-05-28,70.92674418312367,12.648317875315335
2019-05-29,70.9204579383118,12.749092881933832
2019-05-30,72.79180332547553,12.791818813081193
2019-05-31,72.91118698438991,13.275033239640482
2019-06-03,75.81138685849533,13.23182490638177
2019-06-04,78.69183216529483,14.845769503420717
2019-06-05,78.5197300288039,14.826772420122303
2019-06-06,78.56874348106312,14.985735983725451
2019-06-07,78.60802630981928,15.310422387013976
2019-06-10,71.99703916633611,15.30846649672937
2019-06-11,71.28389741652158,15.296134320996549
2019-06-12,63.697207962671186,15.296416281031874
2019-06-13,63.438316769099515,15.212480573521212
2019-06-14,64.95000599460644,15.204059803332559
2019-06-17,60.20451433861216,14.910381500892935
2019-06-18,50.80686727255509,15.198816546508501
2019-06-19,50.20126053344727,14.349359651168164
2019-06-20,50.55257370352438,14.564797703207244
2019-06-21,51.50669486551719,14.534485458746513
2019-06-24,52.89431430183621,14.49744867372804
2019-06-25,52.307149562024215,12.627965917889602
2019-06-26,58.27734648735915,12.430066618224425
2019-06-27,75.19252175895154,12.369687968778274
2019-06-28,79.95358971820365,12.186432041160886
2019-07-01,86.33251123428926,12.213741937171438
2019-07-02,86.329255433941,11.984357486960898
2019-07-03,87.92198504919668,11.933675255066577
2019-07-05,88.56533418718897,11.881317456751397
2019-07-08,89.76276810373271,11.34111122055296
2019-07-09,88.59968284834576,11.341733906516845
2019-07-10,89.47141007259339,10.862127103402969
2019-07-11,92.36224662512058,10.520161169247453
2019-07-12,92.60683730534235,10.534185839989457
2019-07-15,99.74730048987078,9.382159845773181
2019-07-16,108.30407697650956,9.420032218914637
2019-07-17,108.01558561742466,8.09895925398761
2019-07-18,111.05392686628639,7.87858385309658
2019-07-19,111.07387105906317,8.052686483648168
2019-07-22,108.82494030091019,7.658259074640227
2019-07-23,109.40763484328382,7.786613561059763
2019-07-24,109.29542986224492,7.826526727030257
2019-07-25,107.23234715420485,7.986132155509253
2019-07-26,102.54993399034973,8.093453287932013
2019-07-29,87.62642041749062,8.116643128820975
2019-07-30,83.18828637590796,8.193171978398125
2019-07-31,84.36696919062824,8.500663565518616
2019-08-01,84.65063267325833,8.916935664605976
2019-08-02,78.92774843139382,8.766680213743678
2019-08-05,79.91903452909438,12.417750151876916
2019-08-06,80.14899533007228,13.166212203348534
2019-08-07,78.27708224743513,12.877789035659143
2019-08-08,77.95057719745053,14.08863236877027
2019-08-09,77.39010427641185,14.2055233695141
2019-08-12,74.42186275973812,14.550270439085997
2019-08-13,68.80833879076049,15.027241243288916
2019-08-14,70.52633205908485,17.275029993297352
2019-08-15,57.79904562095357,17.091107860133317
2019-08-16,57.50656222270851,17.729932833825675
2019-08-19,52.39915692672148,18.072203072517777
2019-08-20,52.35749820219582,18.18214503572475
2019-08-21,54.772712561770895,18.296327779747553
2019-08-22,53.23265483072854,18.274222226071306
2019-08-23,53.677747696196164,19.601518234760075
2019-08-26,53.007358920508175,19.943070969468106
2019-08-27,53.330927202916826,19.949564167337325
2019-08-28,54.91619245269466,20.029670586817886
2019-08-29,55.368567096273416,20.380611608291936
2019-08-30,53.49018021352458,20.328352606148194
2019-09-03,55.324656106994816,20.36506071973149
2019-09-04,50.62005097942649,20.54095662923441
2019-09-05,50.083999507157785,20.8555553310239
2019-09-06,48.69961570589466,20.816167612494414
2019-09-09,47.604677010033484,20.7151058568687
2019-09-10,47.57547857646966,20.710895140320517
2019-09-11,47.60768329458632,20.811772074482278
2019-09-12,46.63404035239743,20.571314274256466
2019-09-13,40.187577742119984,20.390628596806796
2019-09-16,39.31144031889793,20.274233208980576
2019-09-17,39.185553145390074,17.95951556004444
2019-09-18,35.69036932830539,17.599054982065685
2019-09-19,35.5994189447473,17.6030517464576
2019-09-20,31.121444352516715,16.838982313967556
2019-09-23,31.25859857080524,16.691082661674454
2019-09-24,46.66977351477279,16.43807320870351
2019-09-25,45.98326496401113,15.93750282964042
2019-09-26,47.163977573724544,13.050749321426464
2019-09-27,46.397472587557374,13.2053368387882
2019-09-30,46.66421374743809,12.638314410056516
2019-10-01,46.46775098708362,12.745058893890556
2019-10-02,42.523465657404955,13.60342603496227
2019-10-03,41.391996297099794,13.606430974336838
2019-10-04,41.36144790541041,14.158602997914882
2019-10-07,42.35905853617265,11.850999595241062
2019-10-08,42.39510897269792,12.42016179861241
2019-10-09,44.9393899162359,12.635716114299903
2019-10-10,44.72473358534707,12.623880580768335
2019-10-11,45.19496501755149,12.444286080861062
2019-10-14,44.57964271999546,12.450554735224793
2019-10-15,44.70453768361125,12.579473043241679
2019-10-16,44.83139284094938,12.21978982367376
2019-10-17,45.0280706835524,11.692693063920863
2019-10-18,45.079932391722785,11.77055311903488
2019-10-21,46.241864603944,11.925580995863134
2019-10-22,46.27484402011611,11.970980243674195
2019-10-23,49.397295900467135,11.823991832494684
2019-10-24,36.12526839262963,11.790904818802144
2019-10-25,56.21838405050369,11.846105513656214
2019-10-28,58.97523020150852,11.904033627599762
2019-10-29,58.76789978932806,11.890358516816285
2019-10-30,59.08674959955672,11.915243277358014
2019-10-31,59.09384985560172,11.949546498735634
2019-11-01,59.097056141427615,12.111657909521453
2019-11-04,58.943505748333,12.140541260866943
2019-11-05,58.58730973538343,11.865387371760443
2019-11-06,58.049956033806694,11.785281936180777
2019-11-07,58.17072480293444,11.767703127980099
2019-11-08,59.03907120942355,11.602069992554522
2019-11-11,59.628835391814924,11.603409980243711
2019-11-12,59.63592813974088,10.90360258604016
2019-11-13,59.62542182969484,9.210767399253815
2019-11-14,59.392292178688436,9.046795410892168
2019-11-15,59.5936619851264,8.535420723812791
2019-11-18,60.17286395514696,8.337511307004055
2019-11-19,59.721602846085666,6.480226686284219
2019-11-20,60.051952908253114,6.3943001143031895
2019-11-21,61.42495576954873,6.332214793290465
2019-11-22,59.25976194982593,5.808526584524545
2019-11-25,36.976267059623154,6.009120191580425
2019-11-26,35.331111832357756,5.519820812129595
2019-11-27,37.72804074091253,5.487860846898412
2019-11-29,39.03990704685402,5.708053246829971
2019-12-02,39.17762941312777,6.193634763678546
2019-12-03,39.23920372268403,6.4270878489937715
2019-12-04,38.41079158935466,6.457233037163082
2019-12-05,39.75868895458447,6.4421492908288
2019-12-06,40.12247862515497,6.824794736403493
2019-12-09,38.21994847799293,6.914684736502608
2019-12-10,37.033198421942174,6.826548914429488
2019-12-11,36.19844937503903,6.830977484752361
2019-12-12,36.1141667886054,7.141291421184667
2019-12-13,36.19940302807812,7.041966171871561
2019-12-16,36.61333661592766,6.846757492659744
2019-12-17,37.923581636224036,6.810407240837297
2019-12-18,47.08068867498349,6.7829149020636015
2019-12-19,47.05142347564242,6.820343085951018
2019-12-20,46.78327150797957,6.84739317237357
2019-12-23,44.87014656675737,6.841253854465703
2019-12-24,42.50855837834695,6.780903379975539
2019-12-26,42.32699630712464,6.867636725832031
2019-12-27,40.44706281048683,6.879098083349529
2019-12-30,38.5474409341115,7.184225349908821
2019-12-31,38.350198737665146,6.977830836288926
2020-01-02,39.11845574863301,7.357790929955721
2020-01-03,41.800371126622444,7.804676896908748
2020-01-06,43.22648327336695,7.690630476099256
2020-01-07,45.46400203468302,7.74099481460108
2020-01-08,45.04768800035481,7.818453567229492
2020-01-09,45.43223157969639,7.757448777804149
2020-01-10,46.29917087856264,7.8588209741155834
2020-01-13,46.42452801124855,7.970720134010106
2020-01-14,51.39941639360583,7.871924419048967
2020-01-15,50.20058580046418,7.272019884056352
2020-01-16,48.13834678407128,7.023597471343625
2020-01-17,41.60686724493768,6.936769616673607
2020-01-21,41.03367492001668,7.044476418030883
2020-01-22,40.471020441401336,6.751263405835734
2020-01-23,41.83355219239736,6.586951168091002
2020-01-24,41.70127334466641,7.263774153363201
2020-01-27,43.18984634201919,8.914717312878606
2020-01-28,44.880988074757305,9.063664176327272
2020-01-29,44.39535047843399,9.08091722913001
2020-01-30,44.034497491659266,8.942603534891994
2020-01-31,44.62329547610842,10.554301254940272
2020-02-03,41.73721891030193,10.74720156772788
2020-02-04,42.07802212174614,11.50495046876419
2020-02-05,41.98554440148704,11.86485816039115
2020-02-06,40.055078419181775,11.880615658474996
2020-02-07,39.760682211849655,12.031612584512139
2020-02-10,38.69691887841141,12.111580967261105
2020-02-11,39.40730729805125,12.104742753980032
2020-02-12,39.221241945322255,12.01789696774548
2020-02-13,32.949385859010135,12.041031574533042
2020-02-14,32.903106976968225,11.813914596711141
2020-02-18,36.852523872570416,11.5730579287699
2020-02-19,40.247553444629226,11.59344156494506
2020-02-20,40.2357659417882,11.641359788038072
2020-02-21,40.13208400109302,12.065656798657168
2020-02-24,40.227852433517974,15.561259662387291
2020-02-25,41.05536760913659,17.870410064588604
2020-02-26,43.3647952215693,17.7095730856692
2020-02-27,40.753016880521045,21.862051099428868
2020-02-28,40.86698355984774,21.802142142818887
2020-03-02,41.57710502272191,25.345793656068587
2020-03-03,41.62201312421435,26.442307506372035
2020-03-04,41.612661100699746,29.425757585569208
2020-03-05,42.93094613336941,30.83176206380441
2020-03-06,40.661823069891774,31.053142671843897
2020-03-09,48.666984499109205,38.35384071521955
2020-03-10,47.721575836612935,41.55288013498374
2020-03-11,47.47478298651123,43.39933472040639
2020-03-12,139.83741781761515,51.30583589930422
2020-03-13,145.047394521396,57.650435910796375
2020-03-16,147.00069224158668,65.74924107731418
2020-03-17,147.97210750706157,68.04006176437348
2020-03-18,148.12833998812332,68.80810160961553
2020-03-19,156.77452897492802,68.60120093179737
2020-03-20,156.4957848887497,69.12308024781872
2020-03-23,160.19504003476,69.19714214399355
2020-03-24,160.79413808801,74.82897183741213
2020-03-25,160.73536173189154,75.11094220174736
2020-03-26,160.69501297550582,77.44797915165984
2020-03-27,160.2972214058149,77.67111554215782
2020-03-30,163.23926410423687,78.53532582818666
2020-03-31,163.26384748515463,78.53934302571973
2020-04-01,163.06116477346592,79.15979345086305
2020-04-02,163.42725338935693,79.72852715707484
2020-04-03,163.4207382950187,79.74171224332926
2020-04-06,164.5381245990598,82.24641631406475
2020-04-07,162.4547834195623,81.94201106146183
2020-04-08,162.5189961155157,82.69188919710699
2020-04-09,162.51961864270638,81.89471478620392
2020-04-13,79.54456154454557,81.91875577419142
2020-04-14,79.16824272792323,81.37743433151203
2020-04-15,76.29662425840806,81.19334039323167
2020-04-16,77.71699196730714,80.1752401572047
2020-04-17,77.77937673226208,80.11153495745084
2020-04-20,63.829410552308815,80.13025359806103
2020-04-21,61.02868921594797,77.04462226750393
2020-04-22,55.454017160565485,75.85824071952091
2020-04-23,55.08977467461557,74.41791246475181
2020-04-24,55.105292908433,67.99030940489263
2020-04-27,52.340029068053006,64.00301687632643
2020-04-28,49.19989119618666,53.38999313738384
2020-04-29,54.92057979876659,51.90558268963883
2020-04-30,55.412286485515395,49.23294938961101
2020-05-01,55.36018126938566,50.16590323610993
2020-05-04,55.09980592950171,47.92510947425467
2020-05-05,54.777003398607484,46.889951282709646
2020-05-06,52.22433364831034,40.73073996416412
2020-05-07,54.88326891771249,40.68017134872757
2020-05-08,55.14096218027069,37.80936673228663
2020-05-11,60.16816577349834,36.43471534492266
2020-05-12,60.29174524410741,36.18525540104279
2020-05-13,61.060235531557296,36.31689736373273
2020-05-14,61.98356678576678,33.27935154919035
2020-05-15,62.83587770486039,32.842327860152245
2020-05-18,60.524506047589256,33.159867806384455
2020-05-19,60.32196854544631,28.294657355558893
2020-05-20,58.923972356027384,28.556888299523276
2020-05-21,61.23688711607098,27.32265983468569
2020-05-22,60.79601660838534,27.057802048080664
2020-05-26,61.93025415544683,27.00102996451019
2020-05-27,62.63777703388656,26.091337110852784
2020-05-28,63.27878334463297,25.14373708105267
2020-05-29,53.51573157086531,25.141533142463217
2020-06-01,57.58042140330076,24.11673261385774
2020-06-02,60.836815772157,23.419614213124255
2020-06-03,60.91884854730571,21.271657326985903
2020-06-04,60.983794242965885,20.70113682605524
2020-06-05,60.646865516767775,21.592618479445594
2020-06-08,56.44645352701344,21.530256143881147
2020-06-09,49.25764835513167,21.587581946228028
2020-06-10,48.840000638017585,21.622458508743854
2020-06-11,51.647233511760746,27.371743601792915
2020-06-12,49.695316601662014,27.377817282761402
2020-06-15,45.99789252664608,26.09696972391754
2020-06-16,45.16763308467597,26.52223561745808
2020-06-17,45.156277657394284,26.546194165172754
2020-06-18,45.19253779404774,26.40064356570789
2020-06-19,44.93505358177109,26.380479449709345
2020-06-22,43.8844416855851,26.0792031055633
2020-06-23,41.47344350528301,26.081681549295865
2020-06-24,42.662036359283064,26.556422945929587
2020-06-25,42.614328503100914,25.973719893912207
2020-06-26,41.29073009237176,26.980270028083126
2020-06-29,39.15757344966014,27.222644113263804
2020-06-30,38.56036648301631,26.127649243182738
2020-07-01,31.957367358525858,25.920602965908063
2020-07-02,26.26812444853257,25.569645428409537
2020-07-06,27.23783037591105,25.720676096755092
2020-07-07,27.224017691202018,25.992440178073
2020-07-08,27.86404560740172,25.870668385321483
2020-07-09,28.16901706821225,25.672381864675124
2020-07-10,28.035809170526925,25.779396160856876
2020-07-13,22.145621849495974,25.939432795751237
2020-07-14,21.99693515472246,26.14679163115396
2020-07-15,21.93012630169578,26.168024477800568
2020-07-16,21.774383908734592,25.96803003447849
2020-07-17,21.752316346320264,25.949297774984164
2020-07-20,21.338480188941904,25.023867588800535
2020-07-21,22.36461596305477,24.797113854218118
2020-07-22,20.16518776211709,24.72986099474612
2020-07-23,20.239947810681798,24.942050624591303
2020-07-24,17.697188442160698,17.496419416221226
2020-07-27,34.39580233680035,17.32647318117776
2020-07-28,34.592658309607025,17.36106373110047
2020-07-29,34.74194714158605,16.870891896431285
2020-07-30,34.593285608179855,16.85482993254489
2020-07-31,34.76882667011131,16.953599140259715
2020-08-03,40.90050181025048,16.869116246489494
2020-08-04,40.828318774574484,16.82905570759704
2020-08-05,41.82172340906508,16.85661546828068
2020-08-06,41.38679307725919,14.669352242021619
2020-08-07,41.791735483190735,14.509621555134242
2020-08-10,41.33907427761419,12.070387803420916
2020-08-11,43.660409545524296,12.102843018250601
2020-08-12,43.608037277650595,12.185231152663286
2020-08-13,43.63160484057879,12.202265381425347
2020-08-14,43.535642807258256,12.196780758137512
2020-08-17,43.66448599236358,11.582522011980483
2020-08-18,44.57110627262132,10.960916578080765
2020-08-19,45.22542254894687,11.018853492744807
2020-08-20,45.023497640125264,10.765911525548336
2020-08-21,45.90415238274579,10.521820795283707
2020-08-24,45.793463389888025,10.232120190122252
2020-08-25,47.06233762028255,9.78461764571163
2020-08-26,36.522969709965494,9.836179246284559
2020-08-27,36.73442037830604,9.679350213263522
2020-08-28,36.81861827996348,9.738420617995997
2020-08-31,35.11443614168789,9.786122361134728
2020-09-01,30.55846999641989,9.987137052284677
2020-09-02,33.50370551953461,10.514037981357745
2020-09-03,45.96485932707486,14.665745848298492
2020-09-04,44.320714387099684,14.7636051637067
2020-09-08,45.397610647166594,17.022742825752644
2020-09-09,45.16937690902352,17.690883436538233
2020-09-10,44.145195636662606,18.269955770542172
2020-09-11,43.85358235625033,18.221576927556832
2020-09-14,44.79563218177455,18.453043975108642
2020-09-15,44.95935413575719,18.410143981965486
2020-09-16,44.25444207837966,18.44945237010646
2020-09-17,43.92335824926402,18.586520822886172
2020-09-18,43.644985671227055,18.800786434290533
2020-09-21,44.993542866175154,19.063325804702593
2020-09-22,45.101617099170646,19.292391712476352
2020-09-23,45.48791319516238,20.3066786909573
2020-09-24,47.076806248513115,19.854614544078206
2020-09-25,46.94130639594689,20.476767495713887
2020-09-28,46.46275924812655,21.072094006423985
2020-09-29,46.29493473516135,21.103071942388045
2020-09-30,46.303098914628684,21.21793157513861
2020-10-01,45.71024297215448,21.26876202979258
2020-10-02,43.80296651367414,21.429349979667236
2020-10-05,27.964446860962205,22.026238481951182
2020-10-06,28.39690083071919,22.205707392100603
2020-10-07,28.34679900790949,22.77987540019028
2020-10-08,28.077357995965848,22.73759741528041
2020-10-09,28.15684991891804,22.88215266578923
2020-10-12,28.772403556113513,23.27821331651534
2020-10-13,28.766277100876014,23.336406893069334
2020-10-14,27.267966210235254,23.243654644372516
2020-10-15,27.169189423687364,22.823957731649866
2020-10-16,27.268041595174765,20.394441300314185
2020-10-19,27.837553934200866,20.754111377666202
2020-10-20,27.648387695850325,19.028637776779874
2020-10-21,31.01022867045832,18.222878707309455
2020-10-22,31.03447746455796,17.458625546511882
2020-10-23,29.369049657448308,17.46887118499837
2020-10-26,26.728127980858922,18.018711957225506
2020-10-27,28.734000053135855,17.989603495559802
2020-10-28,30.36299274579668,20.598195800898733
2020-10-29,30.362219447462806,20.710456919179247
2020-10-30,30.122479225322905,20.661502177215503
2020-11-02,29.940916690816827,20.663531441504784
2020-11-03,30.530695574767165,21.073686156871997
2020-11-04,30.54520524074521,20.691961575689643
2020-11-05,38.89006878507996,21.286172128224706
2020-11-06,39.047301540833594,20.915843774892025
2020-11-09,44.00452819851451,20.708807714440223
2020-11-10,44.158779242549016,20.616385482588242
2020-11-11,44.40111283427896,20.612933523994435
2020-11-12,44.525062065064496,20.8501993061167
2020-11-13,44.479797939373945,20.86519519246298
2020-11-16,45.85512728666002,20.58895329706773
2020-11-17,47.3776087180008,20.125308996078576
2020-11-18,47.34055646331626,20.049042537177524
2020-11-19,47.49211034640047,19.946507542468133
2020-11-20,44.97293659126997,19.950494130940776
2020-11-23,45.695328175730474,19.496177957099487
2020-11-24,46.11795296300138,19.88116203082473
2020-11-25,47.010539063239264,19.772128694010956
2020-11-27,53.298315503094486,19.760174212548034
2020-11-30,57.400774227267185,19.827026528839856
2020-12-01,59.413913048474456,19.356862744797382
2020-12-02,59.03769471678635,19.349883790915804
2020-12-03,58.80703163194837,19.32576315121853
2020-12-04,60.57029678338869,19.391679449110036
2020-12-07,52.35821813011546,19.430664394997343
2020-12-08,53.67208836519743,18.39989925971803
2020-12-09,53.51187797605914,18.635405377329004
2020-12-10,53.83449735125521,14.917738950084814
2020-12-11,53.69527874918629,14.865011536383973
2020-12-14,53.7033303136938,14.472278291047221
2020-12-15,53.565027582454746,14.58927284310893
2020-12-16,58.086737856258644,14.003933136002052
2020-12-17,59.15380241154126,12.83866612782529
2020-12-18,59.178821783904056,11.961063665732302
2020-12-21,59.96569433727495,12.051988155012626
2020-12-22,60.45913619164756,11.651774378976656
2020-12-23,61.105803239866454,11.622847761245552
2020-12-24,60.498237445067524,11.508955688833849
2020-12-28,55.56864688641061,11.204109209430875
2020-12-29,55.47135342600935,10.669598352924309
2020-12-30,53.500383568244956,10.143716124382207
2020-12-31,50.900641591304904,10.023492174413969
2021-01-04,54.23006137805648,10.218875914712743
2021-01-05,55.664918456319946,10.313438659184047
2021-01-06,57.79062667891892,10.089378420918901
2021-01-07,55.46372643978711,10.705723397646286
2021-01-08,55.39988975704713,9.933124517677772
2021-01-11,65.03972333552443,10.195641400857356
2021-01-12,68.009847696031,10.196614061487548
2021-01-13,71.3526495519759,10.044218828097131
2021-01-14,71.65145756371736,9.767954035642328
2021-01-15,72.65662351238063,10.073908627355554
2021-01-19,72.0449135446984,10.260530799693909
2021-01-20,71.40259324894959,10.68316016097049
2021-01-21,84.17732810561728,10.634622316407215
2021-01-22,85.3462149692657,10.72338850789443
2021-01-25,83.7473483298337,10.293084820969932
2021-01-26,83.6570834896104,10.320390271522875
2021-01-27,86.0965427980445,12.83647512598553
2021-01-28,90.05580168902955,12.920031914711613
2021-01-29,89.18532111032007,13.825901358656262
2021-02-01,86.24513159924024,14.611529348662536
2021-02-02,87.5995292873435,15.057023207514755
2021-02-03,88.4085201109079,14.983565711916011
2021-02-04,86.95752146624339,15.196729795287906
2021-02-05,84.33847017311685,15.177652979592999
2021-02-08,95.88145848590884,15.254404866041243
2021-02-09,94.56108881653978,15.26304774851592
2021-02-10,92.17928267656376,15.1426734419666
2021-02-11,92.06660323566214,15.106773983931049
2021-02-12,88.70766805686931,15.135632197045066
2021-02-16,85.7214188321779,15.122031581982883
2021-02-17,86.76317977308386,14.418993066184548
2021-02-18,86.60911972444768,14.458027311128808
2021-02-19,88.2993787427277,14.433442774679783
2021-02-22,75.595671086231,14.098301495288732
2021-02-23,83.45109744398141,14.020095514127759
2021-02-24,83.38797730754666,14.157939241691228
2021-02-25,85.68802575041755,15.975763159801524
2021-02-26,82.74351788095274,16.0362875432377
2021-03-01,83.37517340468577,17.42181937354687
2021-03-02,82.98817062027648,17.443707867021573
2021-03-03,83.4740428927729,17.79346682892676
2021-03-04,83.81897424391703,17.685729628324932
2021-03-05,82.80662209549064,18.50993369406655
2021-03-08,82.83229742547495,18.538359170263604
2021-03-09,83.37054835979721,18.96482363356824
2021-03-10,68.25235239246234,19.034175794079466
2021-03-11,68.64022644845616,17.646619824816753
2021-03-12,67.68243613415461,17.52483751474143
2021-03-15,71.17128984990686,16.316114207377012
2021-03-16,70.75106797137677,15.774522613470635
2021-03-17,70.99776128029931,15.346827188778093
2021-03-18,71.09679367440191,16.032989213546433
2021-03-19,69.32527677074823,15.73697245799623
2021-03-22,67.55606112068836,15.858332285345822
2021-03-23,67.11462539737437,15.910132970062962
2021-03-24,65.69836986143511,15.978462832131177
2021-03-25,58.26515117946289,16.064074750386578
2021-03-26,60.86494715442724,16.7106938682326
2021-03-29,58.49136951929561,16.661294288346934
2021-03-30,57.8705121068375,16.68094685499075
2021-03-31,51.83387937847669,16.715873394976917
2021-04-01,50.99065778584214,16.91330787161999
2021-04-05,49.22590838233707,17.32253611451524
2021-04-06,48.115217064118724,17.115569260609306
2021-04-07,49.34995630844521,17.11572246429835
2021-04-08,48.73051991006334,16.917449823899354
2021-04-09,48.39189576960578,15.096163419249786
2021-04-12,44.04669382752751,14.934470809977329
2021-04-13,46.21174171806329,13.515997199036525
2021-04-14,42.51933048788009,13.294453554953762
2021-04-15,42.36977868516426,12.66479367978052
2021-04-16,42.19160951539729,11.788183183137086
2021-04-19,47.759578777593234,11.171173458710216
2021-04-20,47.80453991533925,11.33275215508561
2021-04-21,47.17635036716229,10.991573070672574
2021-04-22,48.56709254718755,11.4369330298629
2021-04-23,47.57495450844726,11.481420757487735
2021-04-26,52.43030306226507,11.479652978619043
2021-04-27,52.74158504903153,11.436486679675058
2021-04-28,51.853793960241475,11.416997829784508
2021-04-29,51.799205733829965,11.483194611062945
2021-04-30,56.59146217216846,10.678262396969233
2021-05-03,56.277150037774625,10.607822444159332
2021-05-04,59.426992691106804,10.752070695994496
2021-05-05,63.47242173781258,10.357692571389245
2021-05-06,63.541860643970494,10.2517587808913
2021-05-07,62.7792868545313,10.30443174686983
2021-05-10,62.80481370317772,10.131035254122702
2021-05-11,62.95196442037619,10.584750135606521
2021-05-12,75.05961831294367,12.467248332325987
2021-05-13,72.71399874387726,12.845199325671445
2021-05-14,72.78836897674887,13.198189928823634
2021-05-17,76.05492335619485,12.652856248725888
2021-05-18,73.50214498696923,12.939245555343042
2021-05-19,83.83176547656856,12.968305309359792
2021-05-20,89.51647592921452,13.25572014938971
2021-05-21,91.81497908663778,13.10690988629698
2021-05-24,99.73913377337938,13.415250504926885
2021-05-25,99.66799454977028,13.420244010973786
2021-05-26,95.03936128256983,13.376757265712271
2021-05-27,94.68478572557542,13.031542070749227
2021-05-28,96.32699439092386,13.007598899708647
2021-06-01,95.14621337030397,12.921078162090879
2021-06-02,95.54402206396486,12.715897592960474
2021-06-03,95.38141523251421,12.497232633642323
2021-06-04,93.01619064761249,12.426418453501235
2021-06-07,93.32230142113063,12.069682987677282
2021-06-08,93.40454288581783,12.059602575157673
2021-06-09,100.16966882458125,12.07067821309915
2021-06-10,99.80997255911113,12.133085455299659
2021-06-11,92.41386794979726,12.011669548804385
2021-06-14,96.85554074425424,11.840521485913127
2021-06-15,96.8947018849902,11.85234987033136
2021-06-16,96.28194664005186,11.824653298117362
2021-06-17,96.23873469977502,11.827092220062589
2021-06-18,87.87444974324981,12.285026383834746
2021-06-21,85.84555359462694,12.807780112112804
2021-06-22,83.59791108567319,12.538048797455698
2021-06-23,77.87930526870753,12.225867787954819
2021-06-24,78.42191535187207,10.322515941444035
2021-06-25,81.99363278278224,9.87509188519886
2021-06-28,82.22544672518963,8.968023142398817
2021-06-29,82.62088769539622,8.907269250695633
2021-06-30,81.75169352336997,8.418096061994838
2021-07-01,82.49166034371459,8.41170269371398
2021-07-02,82.18887358119687,8.167487972549955
2021-07-06,80.23221538546264,8.19800373878919
2021-07-07,77.92112650418554,7.808602323032749
2021-07-08,78.39037188541012,8.222467865629678
2021-07-09,71.70768508255271,8.671276418231455
2021-07-12,70.94034266619705,8.689814002162423
2021-07-13,64.69575982110175,8.804584276238025
2021-07-14,63.95410875758222,8.779843971337064
2021-07-15,64.2745779958166,8.889904349326585
2021-07-16,62.90304513552136,9.168325006371283
2021-07-19,61.38745477614482,9.949267486068601
2021-07-20,61.8948475872986,10.726143526808452
2021-07-21,56.25598471738732,10.92811147607623
2021-07-22,55.77285218232855,10.904595034476525
2021-07-23,55.87508510398216,11.176027676453574
2021-07-26,51.1940701107236,11.180188184879977
2021-07-27,49.16281900527333,11.308959920964295
2021-07-28,49.1502048803266,11.283551227373923
2021-07-29,47.97462467177224,11.124227633816004
2021-07-30,49.42521720611432,11.267398205571771
2021-08-02,49.82561150325971,10.399557769312004
2021-08-03,50.45168471795337,9.903215844100705
2021-08-04,49.57475234103634,10.010517838132598
2021-08-05,49.93721402602161,10.088585375311455
2021-08-06,51.012363108738576,10.001604033828256
2021-08-09,52.49410413569143,9.997737441340384
2021-08-10,53.00042636240151,9.994720639631208
2021-08-11,51.59803827303657,9.999994193574242
2021-08-12,52.2113794115441,10.012153992663967
2021-08-13,55.236159775258855,9.933756694810535
2021-08-16,54.832377880516745,9.752922247379683
2021-08-17,56.1281391010417,9.967580123053693
2021-08-18,54.73794011740418,10.503198802783814
2021-08-19,53.59737435263961,10.189484418163085
2021-08-20,51.9688753681532,9.989314042506004
2021-08-23,51.839729445266215,10.233630703908682
2021-08-24,53.51236934961228,10.158407037345746
2021-08-25,52.05462954439444,10.162804290011556
2021-08-26,52.29664683929328,10.281445130507054
2021-08-27,53.41033150404505,10.190682863423692
2021-08-30,52.695235217806314,8.967924645727237
2021-08-31,50.98186781851366,8.24410119346477
2021-09-01,51.10411333405589,8.012659897071593
2021-09-02,50.050493301572544,8.026125125284114
2021-09-03,49.13712051076058,7.577883686240596
2021-09-07,58.86536426482009,7.677241225245153
2021-09-08,56.71644798716798,7.534546163868764
2021-09-09,56.52068749051053,7.675360782257151
2021-09-10,57.354990708365904,8.002704360095718
2021-09-13,53.197849872852565,7.869361829826488
2021-09-14,54.97446656435538,8.025339635261759
2021-09-15,54.930775537552826,8.043296293839207
2021-09-16,54.25894470598519,7.904090868737157
2021-09-17,54.3911240533007,8.26507039935252
2021-09-20,58.41670997638766,9.586988341879966
2021-09-21,59.835262379214136,9.587394557759584
2021-09-22,63.59509541453635,10.027973965152109
2021-09-23,63.51719630512429,10.623683395592678
2021-09-24,64.23178041634037,10.598537166079524
2021-09-27,62.03572944557387,10.61626573572039
2021-09-28,62.411317124742475,12.091016480175252
2021-09-29,61.914348296760565,11.99035940477862
2021-09-30,64.01669395261706,12.093030205298767
2021-10-01,69.1245117576371,12.61115843903684
2021-10-04,69.26883375408718,12.87581626809478
2021-10-05,69.90750167541576,12.988736065241241
2021-10-06,72.83998033978123,13.053514396056562
2021-10-07,64.28995459736402,13.316358349373383
2021-10-08,64.00940685810562,13.228466605274548
2021-10-11,64.28578617602997,13.055959112738208
2021-10-12,64.91471196532736,12.957913582150077
2021-10-13,64.4336172386893,13.03471777344628
2021-10-14,63.45591664981666,14.016407861863373
2021-10-15,66.08922008806314,14.178958427971079
2021-10-18,65.82122954885811,14.213021822878938
2021-10-19,65.65262511157384,14.36332683992114
2021-10-20,57.16866492038215,14.40117281243936
2021-10-21,57.96001639349382,14.352227038334767
2021-10-22,56.653852402115454,14.140846922566247
2021-10-25,54.194138581919916,14.196155997992824
2021-10-26,56.60405406056914,14.074704946844847
2021-10-27,57.12334223604712,13.982105354078453
2021-10-28,56.29066514130939,14.20747184269288
2021-10-29,56.41912287946459,13.84101078199122
2021-11-01,49.780991840345195,12.728335507748398
2021-11-02,50.41844742568008,12.712095186944541
2021-11-03,50.470137961098374,12.566405693101432
2021-11-04,49.896449882130256,12.228979398517119
2021-11-05,45.8604395175637,12.239124309652654
2021-11-08,48.46093471961073,12.163195798415787
2021-11-09,48.5834751527519,10.312313640406922
2021-11-10,48.04869992265264,10.757191407548337
2021-11-11,47.255990160834706,9.86772541199659
2021-11-12,47.154071606392314,9.59342113674331
2021-11-15,43.497598420008124,8.43991092815227
2021-11-16,46.344586036992844,8.146829638348848
2021-11-17,46.294199250247274,8.265756383959342
2021-11-18,47.85966106392153,8.0640986491829
2021-11-19,47.55182935756335,8.062538518354085
2021-11-22,46.48602558723178,7.699745077448925
2021-11-23,47.03602875928852,7.567591573481798
2021-11-24,46.134349771721,7.561350199464105
2021-11-26,48.041378891911975,9.48525694964048
2021-11-29,48.58597564422542,9.84115148993925
2021-11-30,48.66375793743515,11.556297842601621
2021-12-01,48.69085351035334,11.842810980784115
2021-12-02,47.43095500570641,12.595475384588328
2021-12-03,49.47650421733228,12.846851014106035
2021-12-06,55.16521401214754,13.287081816021582
2021-12-07,54.215673431798685,14.44759510286156
2021-12-08,49.735012345479,14.456243724888054
2021-12-09,51.642657142163195,14.547798732325267
2021-12-10,51.34201657325562,14.53582856492344
2021-12-13,56.755690284555016,14.80403534662607
2021-12-14,56.274532543237385,14.9538970266035
2021-12-15,58.52000607176947,15.563873162724292
2021-12-16,57.10671992460898,15.709908689721761
2021-12-17,57.397589508236436,15.95223021230376
2021-12-20,54.36806489010139,16.180961362833525
2021-12-21,56.26418620127779,17.04059205508634
2021-12-22,55.198860303129024,17.269023656703737
2021-12-23,56.417929149936555,17.174331665935547
2021-12-27,52.11321221672828,17.60954215524872
2021-12-28,52.97888764684291,17.509847249209542
2021-12-29,53.01180533292565,17.50984714835741
2021-12-30,53.382318112925034,17.513952839627546
2021-12-31,53.407182633442574,17.515353025763886
2022-01-03,46.83222595656416,17.561906696713287
2022-01-04,46.89544712507801,17.54919438271341
2022-01-05,48.315125091335055,18.472931778186513
2022-01-06,48.2808209657846,18.472337104686222
2022-01-07,49.185105902890434,18.49216392232412
2022-01-10,44.60129438100848,17.234323467767666
2022-01-11,44.91490989385448,17.07457314420014
2022-01-12,41.576951016156286,15.977975466346109
2022-01-13,42.437624037141894,16.178346496513722
2022-01-14,39.89679038263996,15.619561522016431
2022-01-18,38.582944501755996,16.30525030592346
2022-01-19,38.67125038871564,16.222613216823085
2022-01-20,36.51497245333838,15.24566787822987
2022-01-21,47.24737435068221,16.088698209023594
2022-01-24,47.57237126460935,16.13319420246116
2022-01-25,47.59400691482993,16.046948768745075
2022-01-26,47.60190928634259,15.933971210415345
2022-01-27,45.27698878578492,15.895393853980512
2022-01-28,45.59730155690174,16.953124566063433
2022-01-31,44.41026276424286,17.75922947746313
2022-02-01,44.59218496875519,17.65768605599158
2022-02-02,46.006043478255734,17.623037291674752
2022-02-03,46.138286899984735,18.140837334362665
2022-02-04,55.490040602226756,17.922576621529508
2022-02-07,55.56381384189366,17.783554271620257
2022-02-08,55.575539558412565,17.40984722243716
2022-02-09,55.57088006612877,18.048601948279796
2022-02-10,55.526659474379116,18.666170977740798
2022-02-11,55.45691644619733,19.37359670382253
2022-02-14,54.67447639809414,19.374570391761416
2022-02-15,56.27941730323434,19.976900124738854
2022-02-16,56.0994834225493,19.993667134682358
2022-02-17,60.96354563678212,20.167429990715984
2022-02-18,60.920833205421275,20.198968273014
2022-02-22,52.19965976992494,20.33859245861179
2022-02-23,52.750436252761915,20.801071382718455
2022-02-24,53.2829412979296,21.16999694676711
2022-02-25,53.62876403663226,22.3181252935509
2022-02-28,67.23703330356273,22.053833802244615
2022-03-01,67.47391462895017,22.370792073810986
2022-03-02,67.54636796269384,22.672826557034867
2022-03-03,68.45459070553089,22.538432432478636
2022-03-04,71.27642846275288,22.44096589592404
2022-03-07,63.7919750160141,23.34538132005456
2022-03-08,63.6145260009493,23.347430321306902
2022-03-09,67.3236100767367,24.512108117262468
2022-03-10,69.5552296998398,24.533084786441556
2022-03-11,69.59870767648938,24.75798332539874
2022-03-14,71.06562420320492,23.612516040519964
2022-03-15,71.08750248489122,23.92165732357182
2022-03-16,72.33137750607904,24.783202264879055
2022-03-17,70.96072740653271,24.902261276343214
2022-03-18,71.1959771959914,24.188227194458605
2022-03-21,67.39772602565077,24.146394824507595
2022-03-22,66.61438336520405,24.36874343887864
2022-03-23,65.61147666840158,24.542240400497896
2022-03-24,65.37504245724598,24.565423374976135
2022-03-25,64.72623263949417,24.022628923633864
2022-03-28,65.52676271713884,23.307070607690235
2022-03-29,64.2727965162249,23.48045487512423
2022-03-30,51.6494387092431,23.19117840394277
2022-03-31,52.153229914803745,23.681412314800415
2022-04-01,52.23546659478592,22.742809366961986
2022-04-04,44.69236922172892,22.712652366839382
2022-04-05,44.57288898395294,22.81179791605224
2022-04-06,47.54192963284279,22.33344823238991
2022-04-07,47.38136616910374,22.01667027365258
2022-04-08,42.32194247582634,21.196616244787357
2022-04-11,42.77558491124409,21.81926358816379
2022-04-12,42.131422573166525,21.347189140846808
2022-04-13,40.57994533449627,20.94858638417406
2022-04-14,41.523418366472555,21.23273451656848
2022-04-18,40.18909616915163,21.082162330751707
2022-04-19,39.96588171131448,19.453892490612414
2022-04-20,39.95731139481483,19.257459563773736
2022-04-21,39.32348993799808,18.477214008078434
2022-04-22,39.43207731573623,20.225251428299362
2022-04-25,39.268576572291735,19.906281397934507
2022-04-26,39.11641920742562,21.637138105065702
2022-04-27,40.31205561721389,20.65912241755219
2022-04-28,40.534476046417076,20.960998705010955
2022-04-29,41.114486743788746,23.184688307351447
2022-05-02,40.915070618125945,22.987705757366072
2022-05-03,40.74006944985836,23.068353029846065
2022-05-04,43.913104083802274,24.58732557000579
2022-05-05,48.99481925799955,26.379802091443356
2022-05-06,47.11804390375583,25.880367441904966
2022-05-09,56.962220311753796,27.12909656115255
2022-05-10,57.86092365060823,26.990102441549812
2022-05-11,58.19420840798386,26.71073694594792
2022-05-12,57.852318161963,26.738791797878537
2022-05-13,57.11434225490666,27.812899992958588
2022-05-16,60.19900210733734,27.739523359792017
2022-05-17,60.72105623056622,28.412691856738082
2022-05-18,61.29992250055669,30.323862821127882
2022-05-19,63.72006857059957,30.28495060819008
2022-05-20,64.1501937970129,30.187797814950496
2022-05-23,65.98033458179852,30.92901242355928
2022-05-24,66.46649423612261,30.696522389697105
2022-05-25,65.70369561885457,30.908865718012564
2022-05-26,64.03153813186329,31.347462913285597
2022-05-27,63.11305075466789,32.17624637899581
2022-05-31,67.23151462556298,32.18841152662712
2022-06-01,69.26890440828214,31.77456034274173
2022-06-02,69.73419368800823,32.38536451147995
2022-06-03,67.73657215475008,32.43963368208536
2022-06-06,66.07698788910339,31.539011431316066
2022-06-07,65.13111981675146,31.62950789781094
2022-06-08,56.179646116432615,30.62688376406466
2022-06-09,55.73043212418182,31.364593391519513
2022-06-10,52.839347703760964,31.371212869946113
2022-06-13,73.8423534745792,31.47321074147762
2022-06-14,72.37089373386699,31.353990797219993
2022-06-15,71.98705929224963,31.687944448434102
2022-06-16,76.28761721515595,31.275078082943487
2022-06-17,75.26768107883655,29.922920892202132
2022-06-21,78.20859897476873,31.055792395106096
2022-06-22,78.04608338206342,29.760064497800382
2022-06-23,79.87900172442104,29.929543682071312
2022-06-24,80.02161893000337,31.07717780478691
2022-06-27,80.16619960421403,31.09511053397926
2022-06-28,79.62060995956261,30.796084300604683
2022-06-29,75.24926328225348,30.78835620387149
2022-06-30,75.07065495102778,30.1275660349712
2022-07-01,73.70873273272478,28.01489621226485
2022-07-05,75.0400921357139,27.977758269326834
2022-07-06,73.40297750159971,27.999264651800914
2022-07-07,75.82420976743933,27.802947205902218
2022-07-08,75.75958795733054,27.720987647986984
2022-07-11,76.21584282934293,27.765941961834205
2022-07-12,75.2317745942274,27.139434995211044
2022-07-13,58.96660037716013,25.98856733423573
2022-07-14,59.21234924349199,25.976111355177505
2022-07-15,59.12432101216716,26.669102530017774
2022-07-18,51.50608781999232,25.983600675374674
2022-07-19,47.92391192640295,26.99707729004639
2022-07-20,48.028675306091785,27.06113836769692
2022-07-21,48.067984385051396,27.081976859676836
2022-07-22,47.14800397374504,27.03590548783264
2022-07-25,47.93006114041151,26.155302829997247
2022-07-26,47.503701889997515,24.926747685177457
2022-07-27,52.15749975277406,23.100033790835617
2022-07-28,52.57052310908562,23.221066670416736
2022-07-29,52.44469137542066,23.23463632199362
2022-08-01,51.60386902682129,20.5898388369465
2022-08-02,51.95203375364157,20.81144935464488
2022-08-03,50.52872584114614,20.150140279317704
2022-08-04,50.65256566362623,20.127574402674178
2022-08-05,51.01552553499678,20.08520478659552
2022-08-08,49.713992062309295,18.226123794071594
2022-08-09,49.29152529265328,18.230329900021268
2022-08-10,47.925556846934796,17.726339026547222
2022-08-11,46.52359459710516,17.711559717793435
2022-08-12,45.270629050557595,17.78404536952761
2022-08-15,45.209944175558356,17.68083394783001
2022-08-16,44.86948215388962,17.68014519190993
2022-08-17,39.63458466057154,17.9680351354659
2022-08-18,37.976713429220446,17.646499544372602
2022-08-19,48.807933480762635,18.27001839633543
2022-08-22,49.08516790631003,19.1077519695872
2022-08-23,49.08022435834365,18.865138883235584
2022-08-24,46.25196393330754,18.715410434547785
2022-08-25,46.298485169499074,18.911951780586087
2022-08-26,44.125243514021136,21.29823725790274
2022-08-29,44.03074036576495,21.235996702474594
2022-08-30,44.34495706651421,20.1789372116299
2022-08-31,44.64177085744993,20.233716316976583
2022-09-01,44.61987062226942,20.030886060847003
2022-09-02,44.629488447001435,20.08485645325062
2022-09-06,45.30766795743536,20.105561228313803
2022-09-07,45.10722585988769,20.470069594735545
2022-09-08,44.753951762717016,19.143776371252518
2022-09-09,53.37057659203245,19.32970169722539
2022-09-12,54.00449800791963,19.114188423196904
2022-09-13,60.5384203565424,23.03791351997426
2022-09-14,60.543994531024346,23.033449817863715
2022-09-15,60.842458072294,22.66155100605483
2022-09-16,60.69635014255772,22.715946258578853
2022-09-19,53.77752260754415,22.899249320778555
2022-09-20,54.179151726088314,23.065897968205554
2022-09-21,54.328784866567624,23.48686019259906
2022-09-22,56.194020495643315,22.447784338103386
2022-09-23,56.193152164760754,22.737449650063105
2022-09-26,53.72433135329844,21.890056434002023
2022-09-27,53.40818348820181,21.729231748831538
2022-09-28,52.64014604012831,22.810900531659087
2022-09-29,52.21841898110805,23.28978347708813
2022-09-30,52.10421811154254,23.34248761523533
2022-10-03,52.961498241681504,24.97836867970074
2022-10-04,53.94341370384581,26.449303702801163
2022-10-05,53.94246971453516,26.44944408037478
2022-10-06,51.85551277690193,26.472503008493316
2022-10-07,51.8296124435329,26.904431248534795
2022-10-10,42.03012197508903,25.411194390437338
2022-10-11,41.95760750770831,25.40861645470279
2022-10-12,40.993986845618245,25.315963286463866
2022-10-13,30.553484826682297,26.688269627672277
2022-10-14,30.65604076304251,27.28691775510982
2022-10-17,29.744447918110815,28.418473263200745
2022-10-18,28.043444164027008,28.690870596816353
2022-10-19,28.117350395246433,28.131211665702455
2022-10-20,26.32371432856649,28.052297465020903
2022-10-21,25.76973070460599,28.644587124458198
2022-10-24,22.18570688291286,28.707129051700125
2022-10-25,24.537039056804964,26.279540240559417
2022-10-26,25.4897179252088,26.3217416173436
2022-10-27,26.499730121854302,26.17028829982806
2022-10-28,26.442320034679724,27.000496556454202
2022-10-31,26.588190684316015,26.991360896422556
2022-11-01,26.16911440794264,26.80903871129003
2022-11-02,25.345444770356014,27.346346375344215
2022-11-03,23.111935109217892,27.401896162080064
2022-11-04,26.45111239555999,27.249588018089575
2022-11-07,26.36893250100049,27.169546142521533
2022-11-08,40.79942911291097,27.16647555974286
2022-11-09,60.27573926541348,27.37963123804465
2022-11-10,67.95916753560353,30.64817921506809
2022-11-11,68.431507353423,30.20124140341982
2022-11-14,68.89018437960625,29.629870645925383
2022-11-15,69.01148902938603,28.485530723683706
2022-11-16,68.81369687525584,28.59368291815228
2022-11-17,68.81507451321808,28.40607232771546
2022-11-18,68.81467342200804,26.936840572780312
2022-11-21,69.38919750085165,26.824475248996993
2022-11-22,69.62479571255207,26.832268335155838
2022-11-23,70.21606957155296,26.75814729729632
2022-11-25,68.02591395500332,25.951030690439353
2022-11-28,67.36545487098982,25.412578451929484
2022-11-29,67.67320391668926,24.57536118804964
2022-11-30,69.24686998553841,25.81166643814732
2022-12-01,69.24778337179622,25.657499035886154
2022-12-02,69.28986955199935,25.45360996742616
2022-12-05,67.68477027662306,25.446985297765874
2022-12-06,67.7475659614469,25.71114512499658
2022-12-07,67.73326946404606,25.348569932378783
2022-12-08,61.38491670884376,25.304192310881724
2022-12-09,41.05073597829369,25.36014957094147
2022-12-12,26.332717773900754,24.78894917787688
2022-12-13,26.566278239698356,24.740120489762372
2022-12-14,26.266731744428785,24.787808241779828
2022-12-15,27.14369655212785,24.727612898094144
2022-12-16,29.655242887678746,24.793883526747564
2022-12-19,30.292195043685094,24.631008006566198
2022-12-20,30.434793846255108,24.48378123483624
2022-12-21,28.89775567336387,24.808983728199756
2022-12-22,28.05838461208618,24.393988958428185
2022-12-23,27.099182138612754,18.674130662939916
2022-12-27,27.31024343052776,18.424433099325856
2022-12-28,27.149451201037785,18.59462329071416
2022-12-29,26.898848120433605,19.215582558978763
2022-12-30,23.666089317130425,19.12225223303339
2023-01-03,22.897260760363856,19.13619441998095
2023-01-04,23.00793904157333,19.237233925244805
2023-01-05,22.915577604515736,19.46713577903302
2023-01-06,22.62999562853047,20.24188594448265
2023-01-09,21.762668903316065,20.12928817463257
2023-01-10,22.14517604705395,20.263890732457345
2023-01-11,23.447256855408682,20.091018955819663
2023-01-12,25.97986017662815,20.10833933449318
2023-01-13,29.986532087234842,17.92577157298733
2023-01-17,28.51800795166996,17.929283986786036
2023-01-18,28.81424343253561,18.468070614473543
2023-01-19,28.37970407466985,17.85698979585347
2023-01-20,33.83340941355446,18.205491696534338
2023-01-23,33.714777967995715,18.4997271267518
2023-01-24,34.26105099703978,18.385425352373076
2023-01-25,34.37325263589412,18.22932757230926
2023-01-26,33.98186792197466,18.035829936574483
2023-01-27,33.52795393025129,17.924985108202268
2023-01-30,36.97355224564675,18.21995431886428
2023-01-31,36.93363318569918,17.05785702240422
2023-02-01,37.08268193834526,16.759032459169614
2023-02-02,37.488743369447754,16.79151490653899
2023-02-03,37.659358125642804,17.255201586826754
2023-02-06,38.848806837882485,17.039528994479756
2023-02-07,39.001197337284495,16.598358030809468
2023-02-08,39.622196048900484,17.051124704342975
2023-02-09,43.189529918408724,17.25784799210114
2023-02-10,42.96973120076568,16.687572073076275
2023-02-13,35.267719751830555,16.291228277382626
2023-02-14,35.57693801506559,16.244168381807217
2023-02-15,43.65142836550155,16.11807616356174
2023-02-16,44.68296005246258,16.746219795076808
2023-02-17,45.10807747466698,16.311813390230117
2023-02-21,41.05230046864436,16.413066209064812
2023-02-22,41.15580005425395,16.421197959479837
2023-02-23,41.069579449575706,16.374197750058354
2023-02-24,41.7756801185521,16.31800668214626
2023-02-27,42.024475527347334,16.313705332065844
2023-02-28,41.231884227062444,16.30779907598317
2023-03-01,39.9812822057996,16.335795387267723
2023-03-02,39.89055108993894,15.79535627898688
2023-03-03,41.62452638349128,16.221477203408064
2023-03-06,41.55990730766449,15.384957098355908
2023-03-07,41.39304052851487,15.694080586377506
2023-03-08,41.821730733831885,15.700522670751338
2023-03-09,44.97753455683664,16.590089916635
2023-03-10,44.90435247890609,16.67492720009898
2023-03-13,54.39383242448571,16.634440700384413
2023-03-14,54.62391401057778,17.099953188847078
2023-03-15,54.90427086012932,16.5333052835149
2023-03-16,55.16638118785079,17.073347420299996
2023-03-17,55.25591953376385,16.668854535394033
2023-03-20,54.905262889240134,16.794249036883024
2023-03-21,54.75147046262882,17.239795382939064
2023-03-22,55.52429144541282,17.3646599334989
2023-03-23,56.05325000596565,17.185812889210048
2023-03-24,56.813167608891646,17.184710376205135
2023-03-27,56.72762148060448,17.1778675196967
2023-03-28,56.62731438868541,16.76641730880949
2023-03-29,57.433321516406124,17.375143158035115
2023-03-30,57.2846529574978,17.44374701965646
2023-03-31,57.1806699917384,17.487121334616376
2023-04-03,55.1983571820187,17.497402991381826
2023-04-04,55.21641630337542,16.4756000114948
2023-04-05,55.20919646657699,16.494578524522783
2023-04-06,55.10113781357842,16.46668603686644
2023-04-10,50.55952393963866,16.09732196277931
2023-04-11,47.38457289028026,16.086075880802696
2023-04-12,41.42738422593223,16.096384873642023
2023-04-13,41.182631167226006,16.396015307505635
2023-04-14,40.67796556020688,16.333865240758048
2023-04-17,32.45144125893745,15.758410210024682
2023-04-18,31.818605474800755,15.758465867206553
2023-04-19,35.566876590807354,14.98255403797841
2023-04-20,35.8604382452906,15.115100135404433
2023-04-21,36.148771126351306,13.902262606120816
2023-04-24,33.90162857532296,13.012606213219227
2023-04-25,34.48222985573285,14.027088066558981
2023-04-26,33.18345760123568,13.433217243001355
2023-04-27,34.6763601054736,14.265028114756657
2023-04-28,32.972151454820946,13.653618244592664
2023-05-01,34.7085973243009,13.071949422860788
2023-05-02,35.16784609404507,13.432117695275755
2023-05-03,34.997459490061296,13.172505015877878
2023-05-04,34.86045269808136,12.27206097440901
2023-05-05,35.47637651235458,13.249142618437372
2023-05-08,37.238339497834886,13.170813691622588
2023-05-09,37.00148058754911,13.276180826013057
2023-05-10,34.29573515598665,13.2716390856529
2023-05-11,34.14373628836678,12.710163212672192
2023-05-12,34.158225816822664,12.636675330501888
2023-05-15,34.254123915635546,12.023065173038834
2023-05-16,34.24276885961011,12.141663487175533
2023-05-17,33.721563486269524,12.516192813162577
2023-05-18,32.51084799039109,12.747024797588743
2023-05-19,29.026843396837066,12.733527970283268
2023-05-22,26.51231179149449,12.733668743906556
2023-05-23,26.774704543904786,13.202496246704342
2023-05-24,28.415243801712712,13.327301241923212
2023-05-25,27.09949720428146,13.003222653009756
2023-05-26,27.241588809279733,13.491473743902239
2023-05-30,28.522185994978866,13.461977431239067
2023-05-31,26.453703297594394,13.57576860163461
2023-06-01,25.90850146096787,13.831601374767388
2023-06-02,26.15024564152142,14.2609148133586
2023-06-05,28.268903091050696,14.29042703192524
2023-06-06,32.88432018455571,14.293224385779316
2023-06-07,33.35251506986014,13.415402537917833
2023-06-08,33.42914355297912,13.354184809867858
2023-06-09,33.429305802307304,12.251071338355748
2023-06-12,33.485830351320445,12.278850337173626
2023-06-13,33.432664358779334,12.345841365190562
2023-06-14,34.34896093128391,11.721601030522816
2023-06-15,34.83902911512921,11.767850844882206
2023-06-16,35.7139514689256,11.546506583780298
2023-06-20,38.704905061120265,10.790211438619313
2023-06-21,42.0151551446534,10.979803076460106
2023-06-22,41.95754068895429,10.826880796804378
2023-06-23,40.987125109768925,11.155774033004842
2023-06-26,41.241647672054796,11.239769615745242
2023-06-27,39.55976465166348,11.51431007236916
2023-06-28,39.874204471057936,11.515061632574728
2023-06-29,39.93927408053814,11.228735249955296
2023-06-30,39.46137025259301,11.203890275937251
2023-07-03,38.98685959079811,10.992057061438151
2023-07-05,35.82624958970146,10.992943995465646
2023-07-06,33.2473399661944,11.353672513310578
2023-07-07,31.53400394568847,10.747762575217331
2023-07-10,30.483503341404028,10.379260496936528
2023-07-11,30.479949193185153,10.280539424549731
2023-07-12,30.650843256681924,9.936978162251972
2023-07-13,31.795167842581456,10.060718491449688
2023-07-14,32.433795339925894,9.82114737631394
2023-07-17,31.682076459365092,9.60572250463209
2023-07-18,31.784976680354887,9.04487968516169
2023-07-19,31.461596844296903,8.963911919053952
2023-07-20,27.72605893492699,9.328176112166327
2023-07-21,21.961037776391937,9.206623370604111
2023-07-24,22.53348598220643,9.158973027259103
2023-07-25,22.55198042764376,9.160991072805025
2023-07-26,22.54969206322687,8.931358898115827
2023-07-27,22.136254415094143,9.131287670866541
2023-07-28,21.499588946747707,9.452276643051581
2023-07-31,21.111191117897825,8.890590123485142
2023-08-01,21.64789735329086,8.867082534041849
2023-08-02,21.449703434121254,9.748862781015191
2023-08-03,21.25373303868271,9.647005483671037
2023-08-04,21.163543832161302,9.747477450323819
2023-08-07,19.992078931202435,9.674988277609579
2023-08-08,20.88135739717669,9.688122971034732
2023-08-09,20.802054405775802,9.515964761371801
2023-08-10,20.694627326000873,9.516350735385467
2023-08-11,20.611137511869792,9.473722298468461
2023-08-14,14.256554343301604,8.99602876226426
2023-08-15,14.40572820195077,9.647396270365824
2023-08-16,15.037824263437797,9.870390746791353
2023-08-17,25.67151038995345,9.856349040485513
2023-08-18,26.222726066028386,9.834649131427579
2023-08-21,26.284845597671357,9.994092048789971
2023-08-22,25.91008470174335,9.835804479427829
2023-08-23,25.344728872612706,10.098012358570276
2023-08-24,25.375986051367754,10.546461522585359
2023-08-25,25.261288360123686,10.797210027770424
2023-08-28,25.243893704067677,10.923866937802682
2023-08-29,31.35865289013432,11.534906995050838
2023-08-30,31.613114122548996,11.58468519356343
2023-08-31,34.19514578480944,11.434200445749534
2023-09-01,33.96271110353191,11.448861812442521
2023-09-05,34.051505560669135,11.42999095503959
2023-09-06,33.963546802488764,11.536474346696195
2023-09-07,33.89656237721245,11.554091323339929
2023-09-08,33.98121558527518,11.435686721366842
2023-09-11,34.54193071549424,11.222500567986366
2023-09-12,35.730021517626895,11.282648960861083
2023-09-13,36.09182451586472,11.281191732047457
2023-09-14,36.34612986472187,10.864151168978408
2023-09-15,36.16774539926933,11.395668350596901
2023-09-18,28.47059435469614,11.326460845574546
2023-09-19,28.843226366309622,11.024437091375999
2023-09-20,28.84813061887181,11.261639731787128
2023-09-21,29.537524047695936,12.068706020050202
2023-09-22,29.2128559710353,12.067362954710479
2023-09-25,29.245728428637285,12.162944232607954
2023-09-26,29.250410830700712,12.647598484591999
2023-09-27,29.286055033996117,12.285936719617819
2023-09-28,24.395686103384843,12.301113477608334
2023-09-29,24.01438175513674,12.138190808923625
2023-10-02,21.831296705504897,12.134296553210982
2023-10-03,21.886564042150745,12.496419768202543
2023-10-04,22.002551988261693,12.727382006374475
2023-10-05,22.487924883647185,12.211323795891897
2023-10-06,23.003621618631197,12.174784518992423
2023-10-09,22.50030932147512,12.141855771499008
2023-10-10,22.618936862228637,12.091251252239918
2023-10-11,21.92570783218884,11.33767699163678
2023-10-12,20.76550383326425,11.336311083312149
2023-10-13,20.358453603420305,11.389742543420256
2023-10-16,24.63041951915697,11.861082003506752
2023-10-17,24.670230670381947,11.822126418194854
2023-10-18,24.650438087614837,12.259669531638636
2023-10-19,24.497627749639072,12.451911196187835
2023-10-20,26.05747030152813,12.824414654008168
2023-10-23,36.98247223199594,12.580399144983895
2023-10-24,36.82390452002369,12.83128116226499
2023-10-25,36.85403982869789,13.328178379365468
2023-10-26,37.10901109521398,13.229476408048473
2023-10-27,37.38863394393987,12.945024906557572
2023-10-30,36.975789486830266,13.581657783015327
2023-10-31,35.962988018177825,13.800169543829144
2023-11-01,35.50129241559243,14.079002548366043
2023-11-02,35.94029459789326,14.46988312887561
2023-11-03,36.12682935795428,14.69110743863437
2023-11-06,35.520989476876736,14.657943760405292
2023-11-07,35.441041523682145,13.957301216086199
2023-11-08,34.907707115769554,13.956692063794506
2023-11-09,35.05765247220395,14.09686083015088
2023-11-10,34.02059796793087,14.72525220546962
2023-11-13,34.871597713882345,14.730746151933308
2023-11-14,36.480611718306186,14.98588747919555
2023-11-15,38.126800281850706,14.905443372799398
2023-11-16,41.313136283069014,14.891336023036287
2023-11-17,41.19288013476152,14.596485070039911
2023-11-20,40.8016230014335,14.637734354522244
2023-11-21,43.579149136726095,14.638818698342021
2023-11-22,35.7663886115041,14.635242241298094
2023-11-24,35.138366117495245,14.463966762254485
2023-11-27,35.053710227255195,14.366360085867807
2023-11-28,35.1172465035018,14.126082881150332
2023-11-29,35.10311190056126,14.133273892542974
2023-11-30,35.15627242472045,13.430837658493022
2023-12-01,35.34151782813997,13.07571478103534
2023-12-04,37.4881354907479,12.52654830669197
2023-12-05,39.41470081899058,12.487134127473224
2023-12-06,39.59851227635743,12.552831004875278
2023-12-07,39.909676968084206,11.574323527512023
2023-12-08,40.09463727387546,10.648077608253608
2023-12-11,43.917860331506624,10.361334871469182
2023-12-12,43.88565793905918,10.086115150550725
2023-12-13,44.37160505869238,10.474173364358373
2023-12-14,43.32234791714431,10.281876860697084
2023-12-15,40.697094217326644,9.306168981674228
2023-12-18,39.213666914459026,9.1620473568165
2023-12-19,39.07553272232125,9.206205074324995
2023-12-20,39.906985049061355,10.436560088122448
2023-12-21,36.92994304498669,10.61595262049814
2023-12-22,35.19038712383253,10.137494714715515
2023-12-26,36.71852452208408,9.439564011259831
2023-12-27,36.916774717724046,9.380808476371103
2023-12-28,37.424959761084395,7.9996228403045615
2023-12-29,37.71905435053985,8.132409472087923
2024-01-02,38.791263004857974,8.4239297062674
2024-01-03,39.20199682637859,8.90467274048366
2024-01-04,37.57988691647508,8.801746862244233
2024-01-05,37.5097716959931,8.74750775503324
2024-01-08,41.5531981466325,9.499294118028095
2024-01-09,41.965048795410524,9.537376917450242
2024-01-10,37.75823244579343,9.559477614113206
2024-01-11,37.860344860092724,9.577896395208592
2024-01-12,43.687160921984045,9.556370469464667
2024-01-16,43.58628097363659,9.65700329166032
2024-01-17,42.83512869697177,9.770724127562504
2024-01-18,43.99056755012072,9.830901290004263
2024-01-19,42.974294431530964,10.302065742712548
2024-01-22,45.147065306346825,10.1434218153589
2024-01-23,45.09343911570226,10.01563639053761
2024-01-24,44.900968468121384,9.995455795746135
2024-01-25,44.3910027622334,10.031807621390636
2024-01-26,46.06749065371817,10.043045824216048
2024-01-29,46.46891129287427,9.573769049707309
2024-01-30,46.53310785923648,9.584351580127407
2024-01-31,44.72497622248127,10.872875818993197
2024-02-01,44.53155851756881,11.349031604051595
2024-02-02,42.284670385201736,11.582936472525898
2024-02-05,41.38387715701401,10.75585866000407
2024-02-06,41.505601624804086,10.510536027317109
2024-02-07,37.38428722697814,10.695532411152586
2024-02-08,37.690510466202824,10.67366956167282
2024-02-09,39.37183113687892,10.743229295662838
2024-02-12,32.62368890261174,10.75445922141582
2024-02-13,31.519397196251397,11.595331477755751
2024-02-14,32.998239127309766,11.615301699823851
2024-02-15,32.92388371101725,11.307483742180658
2024-02-16,32.59018878961813,11.393501905391245
2024-02-20,30.584242740565955,11.611297675594335
2024-02-21,25.713381359469206,11.023638793372134
2024-02-22,26.322457898462105,12.265726299439644
2024-02-23,26.92599380949583,12.231936211298791
2024-02-26,27.690758378774742,12.326088184206341
2024-02-27,29.52036452969934,12.319874884536468
2024-02-28,37.305175955741866,12.243372838021253
2024-02-29,38.1189241915963,12.028514126387057
2024-03-01,37.686717774615786,12.052102760381713
2024-03-04,42.16485198980296,11.714330257644024
2024-03-05,48.23933186340674,12.223228638395387
2024-03-06,48.517582838033704,12.258971633981087
2024-03-07,48.50263730776005,12.485406621670407
2024-03-08,48.36475736552733,12.649120487147103
2024-03-11,48.66081609035614,12.64162685279796
2024-03-12,49.09923664163287,12.788691486808892
2024-03-13,48.78415884356732,12.804053197931452
2024-03-14,49.66417434664115,11.661027068270585
2024-03-15,50.20986264444679,11.475038270516052
2024-03-18,55.385641548542374,11.238660586684487
2024-03-19,61.98940814328092,11.200594458428032
2024-03-20,66.74784512011364,11.409694457991728
2024-03-21,68.0286002009479,11.25456211503409
2024-03-22,68.59306443050191,11.297239078455409
2024-03-25,69.70085155678153,11.29462431485122
2024-03-26,69.72917976200851,11.321020583854915
2024-03-27,68.72005005250817,10.545151795180194
2024-03-28,67.85952451963622,10.347566983032436
2024-04-01,63.37695864033045,10.274317830784542
2024-04-02,66.09452364111938,10.35695435669858
2024-04-03,61.95095732451118,10.149929075919523
2024-04-04,59.50547914657015,10.91765236387251
2024-04-05,58.758499077455184,9.687124955447498
2024-04-08,59.27639604245574,9.687343583663258
2024-04-09,60.195238907378354,9.593993133166123
2024-04-10,59.08752913244467,10.106623304150858
2024-04-11,59.071446065552955,10.285779840639487
2024-04-12,59.82415569711967,11.100293821720037
2024-04-15,59.8140509362023,11.363554698483263
2024-04-16,58.18529118144934,11.369246595593436
2024-04-17,59.172679276619824,11.128474628693148
2024-04-18,54.58118788918181,11.01955644100553
2024-04-19,47.20795154801717,10.805993345329483
2024-04-22,46.45486321749517,11.108777025155542
2024-04-23,44.31140137678772,11.682546365050326
2024-04-24,43.57082558262479,11.210493450065986
2024-04-25,43.59606317336924,11.245334450388798
2024-04-26,43.64526259090643,11.613771914301745
2024-04-29,43.32248121314834,11.494683081226382
2024-04-30,44.753584265300006,12.243454752053843
2024-05-01,45.59866099145314,12.11760259636784
2024-05-02,42.62453584439185,12.125199072520068
2024-05-03,46.53788891457981,12.672847900159878
2024-05-06,45.13110662474923,13.058321312822196
2024-05-07,45.13066504247603,13.04290949266312
2024-05-08,44.02103699281659,13.033321917081931
2024-05-09,44.20712415634506,12.906693330591349
2024-05-10,44.63589721914651,12.913810585020752
2024-05-13,41.554982527074074,12.905070294305288
2024-05-14,40.98270630943499,12.830859016766455
2024-05-15,45.2598222443204,13.295412345550414
2024-05-16,45.50812863872986,12.749796426421685
2024-05-17,44.406183383504235,12.436837953693631
2024-05-20,48.23677782580926,12.437435363413769
2024-05-21,48.63362277621648,12.447013151283262
2024-05-22,48.2133294088105,12.072596148816823
2024-05-23,48.466600809926355,12.143175232676255
2024-05-24,47.46458459296361,11.463924533642441
2024-05-28,47.818810512384424,10.695063407552443
2024-05-29,47.89144937783969,10.944662468169373
2024-05-30,45.19409654414449,10.988841646150135
2024-05-31,43.544780669478136,11.15307913477846
2024-06-03,39.90501634653424,10.70015754078511
2024-06-04,40.44934087459933,10.492327576445529
2024-06-05,40.14288627470926,10.493828543288107
2024-06-06,39.901017894799914,10.485842856165785
2024-06-07,39.98435555308704,10.390329550221285
2024-06-10,37.42920562100306,10.154118494252273
2024-06-11,38.820449343513765,10.14213188815147
2024-06-12,38.473132891633995,8.811578501204426
2024-06-13,38.49109835078501,8.642501357410593
2024-06-14,32.221418158077434,8.428899139160068
2024-06-17,30.911626484135734,8.068326750648232
2024-06-18,31.348631923853574,7.7036328147897235
2024-06-20,21.1339398378139,7.821065556143212
2024-06-21,20.9965919537028,7.860418902149085
2024-06-24,23.99626963297888,7.902944934998496
2024-06-25,25.399656762671864,7.930989931569784
2024-06-26,25.183800302329214,7.919564672761593
2024-06-27,25.424564336006412,7.870622457113183
2024-06-28,25.859166932081273,7.330454279530666
2024-07-01,27.284692364034225,7.277867662460012
2024-07-02,27.440695997028207,7.454631825943908
2024-07-03,27.981198659044036,7.509475577489382
2024-07-05,29.789056195314984,7.608809920221928
2024-07-08,33.67573475616232,7.4941323371138235
2024-07-09,34.59278622304293,6.997294903399635
2024-07-10,34.573684616453555,7.244036182803891
2024-07-11,33.70844963199654,7.876641825212766
2024-07-12,33.54268003986642,7.525665586344843
2024-07-15,40.23730432832335,7.043428441359258
2024-07-16,40.19621489883768,6.844442899909968
2024-07-17,40.41033790522305,8.347979643342406
2024-07-18,39.99718598364926,8.800020675015203
2024-07-19,41.83792960228627,8.563322233097589
2024-07-22,41.97260541066344,8.966691900259297
2024-07-23,42.342090953054864,8.97600376338751
2024-07-24,39.91173597084335,11.375709212997977
2024-07-25,39.36610333490156,11.476336676982374
2024-07-26,39.892819352881865,11.685219266717773
2024-07-29,39.80027086426258,11.674341210403636
2024-07-30,39.17828833596872,11.775072525963537
2024-07-31,39.89394276294635,12.470101483292538
2024-08-01,39.77384083448784,13.144340459623136
2024-08-02,42.95259780191567,14.192939574084736
2024-08-05,46.284276663087425,16.466486242067212
2024-08-06,46.02625702768851,16.756379326233173
2024-08-07,46.09012917591607,16.754548508212338
2024-08-08,56.67846702126372,18.187261213684298
2024-08-09,56.8287519864953,18.239292109714192
2024-08-12,57.54055451445367,18.21891562143905
2024-08-13,57.363165721911166,18.861930511260354
2024-08-14,54.59326481175174,18.776682611350655
2024-08-15,54.76942389448561,19.39544141033858
2024-08-16,55.21150539772065,19.333119384396667
2024-08-19,54.11533099054711,19.528159361682917
2024-08-20,53.83364896839159,19.534439843989958
2024-08-21,55.098168686929824,19.34593512414675
2024-08-22,54.80354878557247,19.317019039084744
2024-08-23,57.687114783396694,19.47760631271373
2024-08-26,57.151186454455896,19.474438295966472
2024-08-27,59.070062154895055,19.398074676986617
2024-08-28,58.869425297299095,19.025970484454465
2024-08-29,58.92095892668752,18.881999522241273
2024-08-30,58.5993961610197,18.942022738878432
2024-09-03,56.20205939992633,19.72785777633967
2024-09-04,51.77767055354393,19.73133150344795
2024-09-05,51.60666241209406,18.535669848130915
2024-09-06,52.66724637608136,19.154109009500576
2024-09-09,41.85516227960222,19.153929757703175
2024-09-10,40.667483683968456,19.192836845347955
2024-09-11,40.54358633099127,19.335104290087607
2024-09-12,40.250831382105964,18.926458333415255
2024-09-13,41.040645818503876,18.442111190639572
2024-09-16,40.55768927027976,17.44648420671819
2024-09-17,41.58967444018493,14.710370501844771
2024-09-18,41.77738169036891,14.675515145026885
2024-09-19,42.054571518080785,14.99344771368408
2024-09-20,40.82176113991618,13.842430960351779
2024-09-23,36.73010587876473,13.82933058140707
2024-09-24,37.003760937965154,13.819538199156241
2024-09-25,36.778078817842776,13.229059631910708
2024-09-26,33.93511456097749,13.238377732783388
2024-09-27,33.815310667744555,12.455901370906473
2024-09-30,35.635086624307405,12.47917068302358
2024-10-01,36.67357646515373,12.567117465235308
2024-10-02,35.67103190763997,12.549091460689926
2024-10-03,34.5414518246515,12.54234470318036
2024-10-04,34.93715628096852,12.51580932728739
2024-10-07,31.117906965842078,12.518592755726901
2024-10-08,31.069245676115393,12.752304653704593
2024-10-09,30.388023710198414,12.872902068523198
2024-10-10,30.333339477271604,12.738406467945993
2024-10-11,31.798177841592633,12.809699705790159
2024-10-14,32.60187630161453,12.740541966575586
2024-10-15,32.3634838082129,11.252047179708061
2024-10-16,31.76051294442842,11.217654556902168
2024-10-17,30.46554050045668,11.155705555625117
2024-10-18,30.16682242483365,9.596663081924303
2024-10-21,30.80038156796869,9.334668259760747
2024-10-22,30.800468318051532,9.348725911131929
2024-10-23,31.079367503620897,9.580013026485132
2024-10-24,31.621234146454448,9.35780426494393
2024-10-25,31.885624690222837,9.293514445946153
2024-10-28,31.778151263590722,9.310927891675972
2024-10-29,33.51877030238388,9.30914375286823
2024-10-30,31.527032379732876,9.31147760599193
2024-10-31,30.377136532285714,9.978365068072106
2024-11-01,30.612463480745806,10.039059931058492
2024-11-04,30.835525357992417,10.035678473367211
2024-11-05,31.262657213642353,10.597293250938378
2024-11-06,39.25283614383353,12.679375638744405
2024-11-07,39.187558958600135,12.795921719911064
2024-11-08,38.00026681881692,12.796259105213844
2024-11-11,46.50021367920176,12.775480670097577
2024-11-12,46.602756404852386,12.468439916287771
2024-11-13,45.514513707561726,12.467922156085837
2024-11-14,47.56411686536584,12.649638934302576
2024-11-15,48.57464060303172,13.097271765379185
2024-11-18,48.79026406594518,12.79219402231413
2024-11-19,48.88201309458986,12.576844853638725
2024-11-20,47.92472036841057,12.451575639185231
2024-11-21,48.67324669803256,12.497108834009827
2024-11-22,48.0820228879814,12.42529607597035
2024-11-25,50.98105131579243,12.259756886290829
2024-11-26,51.40686635296563,12.049767151189544
2024-11-27,51.983482730385646,12.07126873188809
2024-11-29,51.27748566164085,12.163435331456517
2024-12-02,50.284519727434954,12.138353623543809
2024-12-03,50.05349665229966,12.112782985726087
2024-12-04,49.72864966798905,12.188676643250203
2024-12-05,50.63206933582845,11.812238715276276
2024-12-06,45.86694422643786,11.811418523570552
2024-12-09,47.93848942034205,11.96210556582724
2024-12-10,46.67246647921128,12.02296502033576
2024-12-11,39.77398841330245,12.1680757051513
2024-12-12,39.86030514873841,12.251720630362593
2024-12-13,39.261539866491404,10.501059674175476
2024-12-16,36.28374913704648,10.501962785961902
2024-12-17,36.09399179548357,10.585407121522007
2024-12-18,40.66386152600483,13.720783387188412
2024-12-19,41.20800587217152,11.680244404175026
2024-12-20,40.79056403851763,11.992255339033129
2024-12-23,39.15744580153413,12.054873885501586
2024-12-24,41.03276586624406,12.478361038434226
2024-12-26,39.39919215566501,12.437834440743114
2024-12-27,37.76176967451262,12.835354933000634
2024-12-30,37.74953347181139,13.133734814719505
