Date,BTC,SPX
2015-02-17,75.62235865844724,15.84382676599558
2015-02-18,76.12949731483027,14.792018576273314
2015-02-19,75.98720042326963,14.448996984708492
2015-02-20,73.38405492649244,14.151939557598137
2015-02-23,71.50698976022072,13.301131814892617
2015-02-24,71.125584513133,13.04016244089318
2015-02-25,67.27399106004283,12.77162558730007
2015-02-26,66.56327375787146,12.732967009871427
2015-02-27,60.440705728651324,12.61918797031996
2015-03-02,60.17739198089266,12.261910583284099
2015-03-03,59.4193663137351,11.936985857696214
2015-03-04,59.092483739490035,12.050897544587142
2015-03-05,57.0445885854743,11.999360589353111
2015-03-06,57.265891194251026,12.084790329079235
2015-03-09,56.713604031138395,12.010640645696062
2015-03-10,56.12349415074645,12.953310103928347
2015-03-11,55.69556403120721,12.358941931894396
2015-03-12,55.817109832917374,12.205197301111331
2015-03-13,56.957613503907766,12.13486997557571
2015-03-16,49.46091802382462,11.994636529659722
2015-03-17,40.968857115762894,11.608812815967655
2015-03-18,52.67964497440073,11.386628130016202
2015-03-19,51.65448383528385,11.415959615403706
2015-03-20,50.71873506151031,11.333840271359277
2015-03-23,51.20494853530177,11.313683349488667
2015-03-24,55.87211355744521,11.36567227038929
2015-03-25,55.77733352126537,11.837553554413812
2015-03-26,55.827942577890525,11.85562874148928
2015-03-27,55.83616652480112,11.521499462212741
2015-03-30,53.88581361788395,12.015630272835253
2015-03-31,53.51153646363155,12.262702537345898
2015-04-01,50.64071720009055,12.294181847556855
2015-04-02,50.69732267095479,12.352723830398483
2015-04-06,50.62151343211998,12.387268579923134
2015-04-07,50.641444826896745,12.404153331485123
2015-04-08,48.385161989418535,12.417538304596787
2015-04-09,48.22864550940839,12.496620648284724
2015-04-10,48.33141156481561,12.602301157784126
2015-04-13,49.54734467259658,12.63234748394099
2015-04-14,49.26738411524002,12.502761387013853
2015-04-15,49.57392469162853,12.519827715710507
2015-04-16,50.22645993282098,12.455144269238344
2015-04-17,40.65362764842497,12.906196381264598
2015-04-20,40.28954512013956,12.480949603579916
2015-04-21,41.76058789175617,12.44241889901034
2015-04-22,41.760640571117655,11.448581961188173
2015-04-23,34.70385082759264,11.409752775596536
2015-04-24,35.20692565407273,10.89280429843708
2015-04-27,38.18349459495128,10.796355398204236
2015-04-28,36.692011223200296,10.172629449567484
2015-04-29,36.102445121057514,10.213005859390616
2015-04-30,38.50926318486665,10.072982560170788
2015-05-01,38.56733212880983,10.465308366084923
2015-05-04,38.74643884115294,10.186491039167764
2015-05-05,37.86459015401372,10.720831807986077
2015-05-06,38.20539479026131,10.662796381320646
2015-05-07,39.54519595952042,9.773595293355935
2015-05-08,39.32731678507261,10.385557453768925
2015-05-11,38.33492208775813,10.511752180948129
2015-05-12,38.35733416561181,9.99432257536523
2015-05-13,35.77718889870396,9.61933341464336
2015-05-14,34.906203763086076,9.941864865234367
2015-05-15,34.46346348801024,9.912443178740032
2015-05-18,33.52791150853876,9.78470085708469
2015-05-19,33.55255433715825,9.735859768358889
2015-05-20,33.54918100279143,9.718037170814103
2015-05-21,30.77272753918695,9.678796118922062
2015-05-22,31.33022071872552,9.613175298674294
2015-05-26,28.69057851556867,10.058565429167922
2015-05-27,25.873601717644927,10.397759032416761
2015-05-28,25.414766558168694,10.3385212231421
2015-05-29,25.4238718177214,10.511031762246349
2015-06-01,23.65536437001999,9.918934389018458
2015-06-02,22.917053399255103,9.591468007300756
2015-06-03,22.9023985001879,9.606201358870573
2015-06-04,22.745897841403888,9.837595937407768
2015-06-05,21.44769974444854,9.817072811165458
2015-06-08,18.931818395234842,9.933846717542961
2015-06-09,18.92294760044565,9.873181158237736
2015-06-10,18.717247685514653,10.454402099453304
2015-06-11,18.776849725016348,10.424020089543433
2015-06-12,17.976056947267065,10.241686223683425
2015-06-15,18.691155550104728,9.817307338616883
2015-06-16,25.07124658982666,9.916707458662895
2015-06-17,24.649590435053252,9.323430846487929
2015-06-18,24.57402863660063,9.667827318670104
2015-06-19,25.17075736773614,9.731594905223766
2015-06-22,24.651867651379874,9.086961573889088
2015-06-23,24.78535250293716,8.963569654008095
2015-06-24,24.75792279504159,9.187956764627565
2015-06-25,24.893396933874783,9.237320190564251
2015-06-26,24.903729522710965,8.712500190494733
2015-06-29,27.276110315514916,10.609586935435363
2015-06-30,27.381880501230825,10.579981241216979
2015-07-01,25.951292459635884,10.894858395480279
2015-07-02,26.318214931405066,10.895013057029582
2015-07-06,28.77828580278322,10.856030338957554
2015-07-07,28.691520744077692,11.042180580157599
2015-07-08,28.331183165803807,11.656719527785592
2015-07-09,28.51156327812636,11.275540181533481
2015-07-10,32.04999764964857,11.944178967367233
2015-07-13,41.39645966907921,12.279286015868616
2015-07-14,41.94748153627118,12.331101503553317
2015-07-15,42.04812714186116,12.327864825866316
2015-07-16,40.19706851805757,12.52177817041086
2015-07-17,40.089434175444985,12.247175842618374
2015-07-20,40.33431866466327,12.228663189649108
2015-07-21,40.49948921034613,12.138736627618885
2015-07-22,40.42423710043322,12.157915396720014
2015-07-23,40.256654398399014,11.80041115168055
2015-07-24,41.363500113805955,12.138844402801945
2015-07-27,40.8129226892083,12.054088032086305
2015-07-28,40.63117544505953,12.524938719180359
2015-07-29,40.334758619009406,12.583132729555018
2015-07-30,40.025378331336384,12.576416769851335
2015-07-31,39.7912131799078,12.209267789236382
2015-08-03,39.564786756584255,12.180781093382462
2015-08-04,37.99232977682617,12.086839142055048
2015-08-05,38.02466083501208,12.130442858503551
2015-08-06,38.0608040735033,12.179941731868729
2015-08-07,37.782370753485466,12.162619211277498
2015-08-10,38.488649619260315,12.718250815222726
2015-08-11,34.60803182455819,11.366001708929508
2015-08-12,30.171526598585054,11.35823752138412
2015-08-13,29.97845936377107,11.142293271888954
2015-08-14,30.073654122569526,11.181210019997097
2015-08-17,29.16406516464147,11.238825320458774
2015-08-18,64.52310710274915,11.152080611715146
2015-08-19,68.13747799586541,10.210066267615552
2015-08-20,69.32301521609237,11.982263208563454
2015-08-21,69.27762711191916,14.305162490864051
2015-08-24,70.81910574163511,18.21101815063203
2015-08-25,72.75958571515437,18.218536244147124
2015-08-26,73.13387278865929,21.840256034344684
2015-08-27,73.06410629301908,23.02480611350903
2015-08-28,73.84583985510137,23.01706079497335
2015-08-31,73.92981083073161,23.0663839883042
2015-09-01,73.86594857397574,24.441138484687546
2015-09-02,73.94895276045867,25.266752485920907
2015-09-03,73.6846278938204,25.26776275380054
2015-09-04,73.92630675059853,25.43902497199722
2015-09-08,72.17968191750963,26.620795941319493
2015-09-09,72.40605887439682,26.50785427055104
2015-09-10,72.01639232261235,26.46771951960697
2015-09-11,72.01005085403041,26.534815386348225
2015-09-14,72.19525859228978,26.53681352074454
2015-09-15,72.16360760231952,26.877947821845794
2015-09-16,72.16269115503516,27.048885404300577
2015-09-17,41.59656255885952,27.011305610424767
2015-09-18,36.37636152078095,27.289484511435496
2015-09-21,34.84787120825878,27.36724718772458
2015-09-22,35.0314925848046,27.21441210769433
2015-09-23,25.287922048448436,27.145639009054317
2015-09-24,21.272502071576483,27.127215371116254
2015-09-25,20.657588066923836,27.13264278244735
2015-09-28,20.394403044769994,27.86287315200268
2015-09-29,20.608905680671153,27.76031870205825
2015-09-30,20.591435848794216,28.488816556465153
2015-10-01,20.455204370935647,28.489909629902783
2015-10-02,20.435393042299594,28.35673199742758
2015-10-05,19.251874924836308,27.465235906275716
2015-10-06,19.539058829745805,24.250300980057744
2015-10-07,19.927483382894135,23.97844156636351
2015-10-08,19.4199139855428,21.623103966494032
2015-10-09,18.307042434294647,20.48152860698147
2015-10-12,17.410946759945237,20.481401705742527
2015-10-13,16.71715208198881,20.422144538587226
2015-10-14,16.834898103516878,18.29530878934075
2015-10-15,16.875542823110575,18.028793094130933
2015-10-16,18.736523536437765,18.051362460006203
2015-10-19,22.67019471471977,17.347467452935263
2015-10-20,23.211375570523384,15.955875541861031
2015-10-21,22.746343855746982,15.512848762268735
2015-10-22,23.568970210847972,16.106818985769948
2015-10-23,23.485815971443945,16.307377625112967
2015-10-26,23.295166049905575,16.273457866911333
2015-10-27,23.84200593815628,16.003536655666423
2015-10-28,24.61920465654344,16.12553962602584
2015-10-29,24.766336338685132,16.0980348932664
2015-10-30,26.441615092747472,15.272403699114848
2015-11-02,41.51231227881512,15.506846031924065
2015-11-03,49.78596327605098,14.808318400615322
2015-11-04,49.721782341699196,14.851368338571353
2015-11-05,54.95436351265277,14.772554537228503
2015-11-06,56.022049802811104,14.777598206655854
2015-11-09,57.73509643680765,12.696154718647124
2015-11-10,69.91150494789936,12.673017304020465
2015-11-11,74.47861012423279,12.008370271857133
2015-11-12,77.60579778453726,12.952735225303158
2015-11-13,77.71616296090944,12.940814075767912
2015-11-16,78.9076205817304,12.679284230714622
2015-11-17,77.98124786452424,12.617910917765181
2015-11-18,78.03182185608215,13.15756675090787
2015-11-19,78.49360376687747,12.980539565802271
2015-11-20,78.5105876526642,12.9982773373552
2015-11-23,78.30880394906384,13.017313453863766
2015-11-24,78.40717366812984,12.819133268479558
2015-11-25,78.64626735151336,12.691032402060229
2015-11-27,80.29481603055338,12.018044099510131
2015-11-30,78.52908463022041,12.070383090296989
2015-12-01,79.13430634355966,12.324514139804714
2015-12-02,73.2030998444902,12.747445406056016
2015-12-03,65.2921977855164,13.320453307381216
2015-12-04,64.97489208623574,13.607786834366205
2015-12-07,64.65973224173503,13.389770566039186
2015-12-08,65.25081453196174,13.518760954765966
2015-12-09,65.10346865037533,13.69759738959086
2015-12-10,53.47713838383969,13.28740637183396
2015-12-11,51.47028609937493,14.39209124187841
2015-12-14,48.69380035443613,14.467203100383186
2015-12-15,47.56652373203603,14.37234449666942
2015-12-16,48.22323982726551,15.017286072454594
2015-12-17,48.27393670634195,15.612647895914728
2015-12-18,48.17300301114492,16.38006097188233
2015-12-21,49.59347806173429,16.617056096685122
2015-12-22,49.52063922418352,16.682374667006474
2015-12-23,49.336837894680365,17.077995642154157
2015-12-24,49.22183585561219,17.04743815354788
2015-12-28,53.51757954740077,16.54597722355411
2015-12-29,52.95330878274359,16.435026133152743
2015-12-30,53.15375900042177,16.03431647150481
2015-12-31,51.485937823013074,16.309071752941566
2016-01-04,47.94945622465844,16.0864783816103
2016-01-05,47.969546608440396,16.106149714133913
2016-01-06,47.875186091810555,16.392999877038203
2016-01-07,49.41696591041417,17.669571248534357
2016-01-08,49.57555017133919,17.812352897446146
2016-01-11,41.7657395914771,17.829492016253354
2016-01-12,42.64327706604002,18.067618558211596
2016-01-13,42.10047745979989,19.23954338238881
2016-01-14,39.63561640613179,19.721605373765186
2016-01-15,61.71391532182079,20.36056540540098
2016-01-19,63.925007111165286,20.138568508749234
2016-01-20,70.81004105444293,19.210704174896527
2016-01-21,71.10791234206401,19.38978753278729
2016-01-22,73.60555748811484,20.54268506567623
2016-01-25,70.31244391669715,20.818302686553032
2016-01-26,70.17061848015986,21.302244203906522
2016-01-27,70.22612940807142,20.8410862429082
2016-01-28,70.47082137450617,20.84579947581662
2016-01-29,70.4027201969192,21.909657404277027
2016-02-01,70.60693894900113,21.370175327369665
2016-02-02,70.64567431085752,21.536861722428412
2016-02-03,70.5875486614596,21.13549525559573
2016-02-04,72.49616981852355,20.957424592271074
2016-02-05,72.50167210428928,21.297164858465763
2016-02-08,69.75549300283586,21.036203224847497
2016-02-09,69.8292630240039,21.055099134369755
2016-02-10,70.06190714239892,21.06601123076675
2016-02-11,69.70874582911625,20.81378688670947
2016-02-12,69.86757374933154,21.974689188643634
2016-02-16,48.68646125661213,22.619518938263248
2016-02-17,48.91780671748074,22.95951074227327
2016-02-18,48.63222523281365,22.953652457762082
2016-02-19,39.05548068379149,22.711041984011874
2016-02-22,33.452686487950245,22.045238707751768
2016-02-23,34.058169941824055,22.12404096773914
2016-02-24,32.942288355422335,22.161208212302814
2016-02-25,32.95649528374826,22.31421107418855
2016-02-26,33.224810264136586,20.979564133285404
2016-02-29,30.79249656320363,20.62429289447204
2016-03-01,29.623098464861542,20.574361002854513
2016-03-02,30.921771154426185,20.588658001181194
2016-03-03,31.05189790319627,20.110743677697556
2016-03-04,31.90473297507283,20.090415302009035
2016-03-07,28.84001648983175,19.358919066428502
2016-03-08,28.851518736288106,19.07243207810275
2016-03-09,28.64357836516689,18.774466549822847
2016-03-10,28.631885449470445,18.399028371626418
2016-03-11,28.517811254735935,18.826056502515247
2016-03-14,28.976396106764017,17.6786261263783
2016-03-15,26.837090365856213,17.693925801694363
2016-03-16,26.276245973434214,16.72090863509897
2016-03-17,25.89356034130373,16.727963424501727
2016-03-18,26.353093352476453,16.733589004126536
2016-03-21,23.37157802715254,15.442223899689655
2016-03-22,23.64048274570763,14.670536414040633
2016-03-23,23.643150174068577,14.929923804411063
2016-03-24,20.728215591447867,14.92043609146861
2016-03-28,20.838857903496162,14.124820761393634
2016-03-29,21.436745762669062,13.323521591987685
2016-03-30,21.194685879810496,12.70934565495164
2016-03-31,21.236236079415967,12.150740984095039
2016-04-01,19.95387124251496,12.062652539252861
2016-04-04,16.693057538411125,12.151471122776556
2016-04-05,16.0567510157215,12.148392294501779
2016-04-06,15.446661111974604,11.62081924098552
2016-04-07,15.454618940387405,12.342072568123307
2016-04-08,15.557214813537273,11.971627594941625
2016-04-11,13.42040142946089,11.97294419058516
2016-04-12,13.43658632166123,11.81629533642961
2016-04-13,13.412267445773661,10.300902911517372
2016-04-14,13.413478823125457,10.280534167853057
2016-04-15,13.865956930822565,10.287370699735108
2016-04-18,11.247592276915192,10.40033558219733
2016-04-19,11.87412937964401,10.40680274296574
2016-04-20,12.313035526810635,9.695559976910436
2016-04-21,12.875745239050335,9.891711586847068
2016-04-22,13.22475872213962,9.901029186331161
2016-04-25,14.057666996595719,8.96556071367499
2016-04-26,13.20508840731621,8.936952810116775
2016-04-27,19.477553961726993,8.898839103401462
2016-04-28,18.663304287559324,9.291442092670268
2016-04-29,18.817139932640977,9.31199124115677
2016-05-02,20.269881094173,9.511357112614093
2016-05-03,20.49889172891691,9.882133450018712
2016-05-04,20.711849832410856,10.024409784005458
2016-05-05,20.676031782065458,9.822469791779936
2016-05-06,21.762917838227434,9.867612264048534
2016-05-09,21.59581874616731,9.868193437644548
2016-05-10,22.688120568575947,10.149791702734666
2016-05-11,22.694194342955864,10.476856542470836
2016-05-12,22.671204575065413,10.449922688692157
2016-05-13,22.607716604711424,10.564449997059585
2016-05-16,22.582269769503483,10.925560835790678
2016-05-17,22.43020627302441,10.873920780590401
2016-05-18,22.428991778476714,10.386132318749054
2016-05-19,24.512876886905612,9.822299745821422
2016-05-20,24.339338505052382,9.961438000770444
2016-05-23,23.789374914592194,9.943925963468542
2016-05-24,23.171069823952887,10.279549688629357
2016-05-25,23.22654667836223,10.05042372068781
2016-05-26,23.163221007302937,10.050339185727772
2016-05-27,22.328257901332183,10.110319516781754
2016-05-31,38.942598220621115,9.932315823144279
2016-06-01,38.42591683874771,9.907967709736301
2016-06-02,38.39780730936734,9.94271943600721
2016-06-03,40.82927427828787,9.850783616774173
2016-06-06,40.4865342267565,9.95078277268596
2016-06-07,40.99842227192659,9.936023180621484
2016-06-08,40.98650978832987,9.964651317551416
2016-06-09,40.520758723419256,9.968943990606574
2016-06-10,40.514010422341194,10.003337042835273
2016-06-13,50.839810175576226,10.143062352143083
2016-06-14,52.18118991380336,9.90327848954024
2016-06-15,51.80323552980289,9.562102593236139
2016-06-16,57.03275021245355,9.428254425857514
2016-06-17,58.06713740406462,9.507644931004682
2016-06-20,57.89329854090746,9.62243230887291
2016-06-21,66.867346220733,9.645624141067398
2016-06-22,76.1614686927092,8.991738443124426
2016-06-23,76.84097818985421,9.264046974060554
2016-06-24,78.34557813243,14.269105495967269
2016-06-27,74.71833045901741,14.982831011040835
2016-06-28,74.82656052369488,15.640880541992509
2016-06-29,74.96798390130827,16.175268429785177
2016-06-30,76.0038322502481,16.613557441674967
2016-07-01,76.00669900738261,16.56433590697393
2016-07-05,79.06446615618177,16.658319091682387
2016-07-06,78.98205761525259,16.71729701211584
2016-07-07,80.73208730214535,16.329231987082807
2016-07-08,81.40354103190728,16.758862782010823
2016-07-11,80.56306190561716,16.77804554520523
2016-07-12,75.04559015184844,16.85269181064394
2016-07-13,73.85099928476049,16.83481895960599
2016-07-14,73.50974264416678,16.88523994742603
2016-07-15,73.43875499416437,16.88899276334427
2016-07-18,67.38368354678373,16.854207376887267
2016-07-19,67.26613371058383,16.822767445715257
2016-07-20,66.65029919675942,16.848025025589948
2016-07-21,59.93855128403295,16.890153234132015
2016-07-22,50.25237923041451,16.910500680088777
2016-07-25,45.05522924074493,16.656567076951546
2016-07-26,41.988060873049314,16.442170989389957
2016-07-27,40.32953866500203,16.42775678498924
2016-07-28,40.15095735561678,16.405259388670405
2016-07-29,40.008569791800745,16.399975851950792
2016-08-01,38.05652915093058,16.340313515906075
2016-08-02,44.02323002957076,16.43777957413861
2016-08-03,43.74777688378965,16.438518761015114
2016-08-04,44.25523443222179,16.416491567243483
2016-08-05,44.02966770162791,16.17840170010009
2016-08-08,39.765101773812155,11.603992184070117
2016-08-09,39.769919155024255,9.883656396765804
2016-08-10,39.88866400283534,8.930263266193625
2016-08-11,38.948270790076464,7.82802000585555
2016-08-12,38.8023722999634,7.034982627553804
2016-08-15,39.062326607213755,7.045357068026761
2016-08-16,38.42706514274878,6.849272286701128
2016-08-17,38.41323088334411,6.717728747253799
2016-08-18,38.44466854882731,6.6957050843562085
2016-08-19,38.46934333902958,5.419406483558588
2016-08-22,38.41823563442485,5.368480840933219
2016-08-23,38.240757400425984,5.026013688936351
2016-08-24,38.18998285386632,5.292195888336289
2016-08-25,38.189770850777634,5.072673319612003
2016-08-26,38.17820398367589,5.0898119959865955
2016-08-29,38.43271724793263,5.222631186873341
2016-08-30,36.288327405174606,5.2396933901414675
2016-08-31,35.357571552313715,5.182257435655224
2016-09-01,18.71827053987714,5.053649881613129
2016-09-02,16.06521913517877,5.055357055618036
2016-09-06,18.11623716440643,5.043574114726519
2016-09-07,18.15391681892272,5.045193590998095
2016-09-08,18.733276188563067,5.087162307084049
2016-09-09,18.793943529649155,8.73166662205361
2016-09-12,20.446265936274322,9.714664172597942
2016-09-13,18.721936306209543,10.569283513072591
2016-09-14,18.572477444328996,10.422588450357903
2016-09-15,18.131214229389386,10.807159817133154
2016-09-16,17.940918782891806,10.854030813464366
2016-09-19,17.852980860086998,10.556721307809545
2016-09-20,17.863586452049063,10.558220775389854
2016-09-21,18.612952370654785,11.090279443216723
2016-09-22,18.528408209513863,11.223368710075137
2016-09-23,18.65745140356836,11.251633249072114
2016-09-26,18.06069965762572,11.481651303190093
2016-09-27,18.064038044621295,11.605254387566626
2016-09-28,18.100503009115272,11.612340601332086
2016-09-29,18.05736040413264,11.887086679466814
2016-09-30,18.04785073417616,12.085675123140758
2016-10-03,14.33454604267507,12.097172260822669
2016-10-04,13.488354022317974,12.178329345564293
2016-10-05,13.488354431082819,12.239894633877224
2016-10-06,13.36960522741454,12.158227245771487
2016-10-07,13.367850256349293,12.194804479114916
2016-10-10,12.159942264595731,12.284213671619561
2016-10-11,13.461407126981987,12.724978020110687
2016-10-12,13.735960889474413,12.732547882490156
2016-10-13,13.736851723582724,12.740114751078377
2016-10-14,13.787621079277285,12.742622559875786
2016-10-17,13.748147792256582,12.680679617641708
2016-10-18,13.716817815587534,12.798064916217037
2016-10-19,14.228986244929981,12.83339918011006
2016-10-20,14.20827507076634,12.829091808211507
2016-10-21,12.92257965681441,10.685606209259982
2016-10-24,16.560635909745418,9.914925511451745
2016-10-25,16.493878925180347,8.989751969517854
2016-10-26,18.227114625394677,9.013100719915725
2016-10-27,18.381861248782343,8.565824630612777
2016-10-28,18.28928472262889,8.535460592334399
2016-10-31,21.490049021660948,8.535103449510071
2016-11-01,23.66285908879317,8.781605216455864
2016-11-02,23.775779658225982,8.211280820075068
2016-11-03,33.01651897750433,7.980177416548595
2016-11-04,33.37533483941581,7.881191380699719
2016-11-07,33.77987132522762,10.060195328123266
2016-11-08,33.72443160725199,9.978765787822223
2016-11-09,33.96663028747466,10.355697462806788
2016-11-10,33.04987007334552,10.014728681785838
2016-11-11,32.88583979108965,9.805997934753337
2016-11-14,33.4052157414877,9.780999925446201
2016-11-15,33.44894102910686,9.89381231637721
2016-11-16,35.4363652673585,9.848468898001967
2016-11-17,35.4845152178554,9.945496162281177
2016-11-18,35.217917428102446,9.910451846095464
2016-11-21,35.237408245660795,10.027913721444614
2016-11-22,35.39052210002945,9.201965946907816
2016-11-23,35.502114318379405,9.2031102418463
2016-11-25,34.68416933297085,9.138506070680041
2016-11-28,33.260640522454366,9.301601085154559
2016-11-29,32.78450495387789,9.200309184595643
2016-11-30,32.95616323085204,9.138694496480444
2016-12-01,31.164149682816856,9.224467375660202
2016-12-02,31.85389708744017,9.190122796828513
2016-12-05,23.37319801995036,9.306649130418966
2016-12-06,23.265149812274004,9.279905822715126
2016-12-07,22.87887973695225,9.802262580100745
2016-12-08,22.795232893492297,9.74517077879708
2016-12-09,22.28569254950336,9.729455887743388
2016-12-12,21.60792315563978,9.662781327220724
2016-12-13,21.503264050636336,9.731183928821155
2016-12-14,21.512752044237157,9.822148820950991
2016-12-15,21.552593161618912,9.51180104280636
2016-12-16,17.660214275008407,9.368340580209805
2016-12-19,17.270774992602668,9.300803537098773
2016-12-20,14.981360645655137,7.3658341211697165
2016-12-21,18.450908909035864,7.4708352938974905
2016-12-22,20.32625057763523,7.082382164245912
2016-12-23,26.276616679645198,7.076817396731941
2016-12-27,27.907452719248067,6.987265163656827
2016-12-28,29.839288855911033,7.560789653882842
2016-12-29,29.908249648904434,7.324478776188753
2016-12-30,30.545324659966777,7.405420767874666
2017-01-03,31.02645460074974,7.558361661551097
2017-01-04,39.531215430888636,7.612240130894368
2017-01-05,57.61997375706014,7.410497630193416
2017-01-06,68.16880366945577,7.440926926014139
2017-01-09,68.29605772465176,7.552506994425055
2017-01-10,68.20936897261326,7.515658616551624
2017-01-11,82.39722365386548,7.339642462165481
2017-01-12,82.99606750783508,7.412701089944022
2017-01-13,83.25184001628465,7.348249646295988
2017-01-17,86.94402358001636,7.339583300042156
2017-01-18,87.33214310611777,7.342224768161004
2017-01-19,87.36275979996869,7.336506289012632
2017-01-20,86.67959505802638,7.35131773413751
2017-01-23,84.12744203498781,6.466310488826936
2017-01-24,84.63535552088312,6.671316229447885
2017-01-25,84.60244563148784,6.894831713399524
2017-01-26,84.36082269191776,6.892589066106479
2017-01-27,83.26913916608731,6.678737487423361
2017-01-30,83.20808564830003,6.469348871076516
2017-01-31,84.04030743390018,6.376295783645427
2017-02-01,83.94450775284916,6.340222329364886
2017-02-02,83.97754102560607,6.3181123653829845
2017-02-03,78.47770686388638,6.52158309964999
2017-02-06,59.40193839162031,6.485136561798131
2017-02-07,59.618780901613945,6.453334127594395
2017-02-08,59.47518775740364,6.451537326941345
2017-02-09,63.05312202930232,6.6171165227805115
2017-02-10,41.979728073068586,6.113242959162117
2017-02-13,41.23322073316472,6.230075639838333
2017-02-14,41.28500090921314,6.101504820441945
2017-02-15,41.27008121960871,5.928153474084582
2017-02-16,33.58014301394039,5.802496122770058
2017-02-17,32.74104894909725,5.773118383235342
2017-02-21,33.65174237026902,5.895042081216398
2017-02-22,33.5395621096176,5.769958876719987
2017-02-23,33.20552017092619,5.758854988936434
2017-02-24,33.215263795611435,5.743983410352083
2017-02-27,34.65820373335654,5.623789242801049
2017-02-28,34.604472602235134,5.749232534755667
2017-03-01,35.39959732562867,6.616393756025224
2017-03-02,33.20342188424321,7.034133571277453
2017-03-03,33.202897212261895,6.856810358364711
2017-03-06,33.45446644395892,6.969085526006326
2017-03-07,35.51911862878207,6.990059732217737
2017-03-08,40.54779643801028,6.903182355751869
2017-03-09,41.098734586863166,6.544227950340704
2017-03-10,45.343955535540196,6.550755550009295
2017-03-13,43.51059067762393,6.5020789340158
2017-03-14,43.36044119642607,6.2969113218004065
2017-03-15,43.101538383316544,6.622068931058656
2017-03-16,46.25234016246515,6.695490397361683
2017-03-17,52.03055033947961,6.759873276114754
2017-03-20,65.74053331340647,6.599713472421269
2017-03-21,68.03502398819361,7.730859820528679
2017-03-22,70.2629328903679,7.739212292476491
2017-03-23,69.59516847606236,7.759276713364797
2017-03-24,75.36209114926828,7.618832631284576
2017-03-27,78.62248850210261,7.566211973479439
2017-03-28,78.37169760513571,7.687926550488014
2017-03-29,78.22594005583949,7.6184670452508625
2017-03-30,78.2568570364417,7.529582422769016
2017-03-31,78.63733189167002,7.5620338855908225
2017-04-03,79.18050025841062,7.5740967017683625
2017-04-04,79.108027416003,7.377131253907225
2017-04-05,79.07614137725105,7.42372239818159
2017-04-06,79.85854475024526,7.467827143054652
2017-04-07,77.76491637886095,7.463599307286123
2017-04-10,73.45135086859159,7.4504549218439005
2017-04-11,72.72367189763304,7.417457950060123
2017-04-12,72.67866113229383,6.225833526868266
2017-04-13,73.00872681482815,6.241780307892712
2017-04-17,56.595510687952654,6.815274740559447
2017-04-18,54.14045235769892,6.815492706426247
2017-04-19,54.0573457948792,6.785532096293038
2017-04-20,51.47736561472863,7.1964302260909845
2017-04-21,47.25923179207999,7.242597714770749
2017-04-24,35.028946035427296,7.864813477385805
2017-04-25,34.767572045112,8.038097694909965
2017-04-26,27.853206617099485,7.949846845279031
2017-04-27,28.479490099913562,7.557425282483576
2017-04-28,28.26741338458992,7.56273450687204
2017-05-01,28.98065619673389,7.573517172595652
2017-05-02,29.04557695349494,7.56308631464169
2017-05-03,28.254318080954942,6.469181010642503
2017-05-04,28.45195055467547,6.4515939400934545
2017-05-05,27.954858195857046,6.499615571201025
2017-05-08,31.276934993333498,6.490221725424081
2017-05-09,31.30849477136939,6.487623460433363
2017-05-10,31.06702206120106,6.2042448882197
2017-05-11,31.611977758768013,6.251792913963761
2017-05-12,39.62056703745518,6.231842870522527
2017-05-15,41.93067928650285,6.348886208542787
2017-05-16,42.15319287010835,6.32649066246774
2017-05-17,44.17271171237085,8.306170184522927
2017-05-18,44.313933978168045,8.332251771756367
2017-05-19,45.25938770733893,8.495608376761988
2017-05-22,48.75057896418532,8.589510200347302
2017-05-23,49.10405899630891,8.60206661073913
2017-05-24,49.73242255724291,8.596751924669036
2017-05-25,54.9240193081011,8.527762834525788
2017-05-26,58.091389312353314,8.23003494342365
2017-05-30,67.35541743424636,7.933725083354673
2017-05-31,67.19430926361808,7.854241908738431
2017-06-01,67.9823133182773,8.0479658577752
2017-06-02,68.1008349850921,7.817047353337084
2017-06-05,69.77432139298716,7.728329107087744
2017-06-06,70.99082911630235,7.270558898019922
2017-06-07,71.39298340279979,7.124848098415283
2017-06-08,71.46192432102019,7.113985490108497
2017-06-09,71.50712709010992,7.144003876701762
2017-06-12,75.67245543468772,7.098374437231808
2017-06-13,75.64036267814173,7.18246437605574
2017-06-14,79.00506004949216,7.2068753303477795
2017-06-15,79.34782460083552,7.226677569361109
2017-06-16,78.16553951374873,7.226899692172194
2017-06-19,78.6769933013917,7.50156123857401
2017-06-20,79.14007891127116,7.816198997936133
2017-06-21,77.73130620807072,7.807096008019859
2017-06-22,75.73695080512772,7.805572357547599
2017-06-23,74.50380444848341,7.767556733425346
2017-06-26,69.87235623399846,7.735519509904113
2017-06-27,68.66520764948058,8.008923771260301
2017-06-28,67.64172415762259,8.376733073608357
2017-06-29,66.78219614181108,6.917616313317852
2017-06-30,65.89419561531459,6.862042535238304
2017-07-03,64.59429565915094,6.658542347413353
2017-07-05,61.59997561471289,6.548698433394387
2017-07-06,58.494716345119144,7.1154058702518705
2017-07-07,57.82523017931306,7.31929951442228
2017-07-10,58.18599479197984,7.203783096963775
2017-07-11,58.133558611706114,7.208388826041332
2017-07-12,50.83071248280001,7.498802603659849
2017-07-13,50.42364018706478,7.502735821847471
2017-07-14,47.45807080655119,7.281055952204316
2017-07-17,69.75854227073512,7.231735297848912
2017-07-18,70.13340923742703,7.224538823204455
2017-07-19,70.04953938397611,7.282855267521393
2017-07-20,93.48208657846675,7.274582892978895
2017-07-21,94.81027647001756,7.287883468726328
2017-07-24,95.12015706579578,7.265250914292467
2017-07-25,97.16476014303521,7.279145493190635
2017-07-26,96.4503597341258,7.172919462610329
2017-07-27,97.38082229839674,7.166120553134987
2017-07-28,98.37944949171141,7.146694775579039
2017-07-31,98.82712654739119,7.153857904981424
2017-08-01,100.14266154755119,6.791365129989909
2017-08-02,99.97246216215355,6.446500283829147
2017-08-03,100.34839106178433,6.484499261976907
2017-08-04,100.70695214090148,6.487553102052502
2017-08-07,105.92073905850805,6.495485764116673
2017-08-08,105.54237038380008,6.557603653758483
2017-08-09,103.95358224504696,6.031120136927387
2017-08-10,103.6568776295051,6.980891146843099
2017-08-11,105.26729031983746,6.463458332695257
2017-08-14,96.74230085121673,7.015402736878139
2017-08-15,96.66223195823724,7.011592636300539
2017-08-16,90.20935451780376,7.00140525998749
2017-08-17,90.5431517465476,7.978898133040753
2017-08-18,91.53188328780082,7.7811625148959385
2017-08-21,68.4086586141992,7.778398385894445
2017-08-22,67.39720582302337,8.328144000921192
2017-08-23,67.38400919742857,8.130711180501619
2017-08-24,63.37530377932276,8.145081489080965
2017-08-25,62.530096406630534,8.055717749057496
2017-08-28,59.78859388007736,8.055880926808971
2017-08-29,60.31505716101785,8.062224816290131
2017-08-30,60.09953753845828,8.024534557605783
2017-08-31,56.24219630965697,8.218304625414248
2017-09-01,56.195549289459834,8.222451069013326
2017-09-05,59.36884614199034,8.493215289832548
2017-09-06,59.31754371913319,8.52328654977083
2017-09-07,59.38031460449097,8.523233279732317
2017-09-08,64.72715228657988,8.525665588672796
2017-09-11,59.48914664240396,9.061873625786312
2017-09-12,57.979141802795276,9.100413873595826
2017-09-13,57.87322197532342,9.084686573085962
2017-09-14,82.44420366335501,9.086890452864923
2017-09-15,92.24062927541254,9.0646094381145
2017-09-18,99.23621377165998,9.068987191120353
2017-09-19,99.47834058264826,9.06103593497059
2017-09-20,99.30686513959502,9.019093699799503
2017-09-21,101.15285668397102,9.066281172165844
2017-09-22,101.04158618703573,7.931276268519778
2017-09-25,103.22718509618612,7.975893950455526
2017-09-26,103.18944226813667,7.500328241265312
2017-09-27,105.77630243792255,7.560879616585327
2017-09-28,104.90707323321162,7.555632720593035
2017-09-29,104.90710344524568,5.792481750514762
2017-10-02,102.96490164305257,5.794357450048575
2017-10-03,103.1212963575847,5.793916580482173
2017-10-04,100.71593550076423,5.143176486625089
2017-10-05,100.48770245053949,5.111340385424444
2017-10-06,99.44287697214834,5.044528842378717
2017-10-09,97.46359475739207,5.122663573677602
2017-10-10,97.08534670681904,5.1171027323130245
2017-10-11,97.08537280426043,5.115964079820275
2017-10-12,102.63438014820952,5.094835916012644
2017-10-13,100.63997627050082,4.897536077523789
2017-10-16,67.70356679518112,4.8972215355612105
2017-10-17,68.08675168890304,4.212467916790262
2017-10-18,59.468753515698445,4.17128498479218
2017-10-19,57.921327936175906,4.160862421908433
2017-10-20,58.76336947452175,4.230581612492639
2017-10-23,52.93351432233616,3.5717213734961355
2017-10-24,57.10434884187925,3.5120318204994816
2017-10-25,55.660070023843936,3.915993203812671
2017-10-26,55.418469463241614,3.9023254696989853
2017-10-27,53.038553912354594,4.4320196109340495
2017-10-30,54.83776286102879,4.63703959825061
2017-10-31,56.17865994635747,4.640623044368211
2017-11-01,56.831824149630414,4.6384729570863845
2017-11-02,56.485131940895826,4.511608088831048
2017-11-03,55.37909322253872,4.549834327242928
2017-11-06,59.169454380470185,4.44622686656756
2017-11-07,58.68810385785852,4.479772977657802
2017-11-08,58.99909001671946,4.412645369217345
2017-11-09,61.27748436668286,4.628522663160468
2017-11-10,66.57777741443019,4.582573763205393
2017-11-13,67.49065354050137,4.46581406510392
2017-11-14,66.89092519865736,4.5350876803979245
2017-11-15,72.05099910753499,4.817376521659526
2017-11-16,73.88421896930869,5.117797710247012
2017-11-17,74.37125019436198,5.1945741151305995
2017-11-20,73.58605343510561,5.167332321209604
2017-11-21,73.86895107818808,5.419173620312785
2017-11-22,73.62675962851306,5.431455404498007
2017-11-24,70.07802212558767,5.415065108400823
2017-11-27,72.3829523465664,5.424780116219214
2017-11-28,70.88238369389407,6.0715833807671
2017-11-29,71.31353080508475,6.088580462121572
2017-11-30,70.64161319383612,6.493363331619816
2017-12-01,71.90909648616692,6.557616557613956
2017-12-04,71.50963881376573,6.475962405853611
2017-12-05,71.45004702167226,6.457594484630209
2017-12-06,83.18784023043357,6.455695247683694
2017-12-07,101.57364672457363,6.244901566294111
2017-12-08,106.1699599620531,6.368817100825059
2017-12-11,104.64388708142283,6.053015229996824
2017-12-12,100.38213149794895,5.879323926025991
2017-12-13,102.296466979147,5.892330032542226
2017-12-14,102.33231925945718,6.090103770875432
2017-12-15,100.95894936999039,6.437464400914831
2017-12-18,102.1985792834364,6.576060055842832
2017-12-19,106.42164806101468,6.7495099594415535
2017-12-20,109.81483619239143,6.745461228224876
2017-12-21,111.35308558505213,6.748426094455905
2017-12-22,120.14085708743968,6.605932648634381
2017-12-26,125.69943517343307,6.63030336507813
2017-12-27,125.68843961461624,6.633845126463735
2017-12-28,128.747153886442,6.546155324444783
2017-12-29,128.4760730882609,6.448696881099034
2018-01-02,137.91614513045965,6.334066334760586
2018-01-03,137.7995742825094,6.343405189551496
2018-01-04,137.83597001794368,6.382766244111787
2018-01-05,131.50892181442663,6.390555904572892
2018-01-08,112.89946824327019,6.337862452825867
2018-01-09,113.3046324794841,6.337643103281863
2018-01-10,110.1464174639607,6.379031627046023
2018-01-11,113.89906474493475,6.110839662478481
2018-01-12,113.76218020514133,6.212746888920515
2018-01-16,119.19431211798188,6.0749187693440545
2018-01-17,119.13133007030801,6.376779672888724
2018-01-18,118.60098635466092,6.399000845806088
2018-01-19,117.76540763215321,6.210586148003125
2018-01-22,118.97279568740926,6.399125780979597
2018-01-23,118.23551052033012,6.397660011816332
2018-01-24,119.13819234128073,6.38892841716858
2018-01-25,110.94072290739668,6.408525550151042
2018-01-26,110.9385441381913,6.9467968258956265
2018-01-29,104.83680305601098,7.408319621000967
2018-01-30,105.38561513266399,8.067095728024636
2018-01-31,105.3133880209564,7.863520612906793
2018-02-01,104.467801925395,7.793513090916602
2018-02-02,104.22375499383665,10.281859591456161
2018-02-05,108.58821761690267,16.327847862986562
2018-02-06,115.39302390114716,17.309160742285375
2018-02-07,114.10844916068415,17.3858487519427
2018-02-08,117.89622829170719,20.62290588727251
2018-02-09,119.18874545837332,21.143389376831912
2018-02-12,119.11408576341502,21.59361834004798
2018-02-13,119.03820238967258,21.582661467063065
2018-02-14,123.52375023704198,21.840593364205606
2018-02-15,114.31683606735672,22.07480011084192
2018-02-16,114.15305572295978,22.04396027958382
2018-02-20,110.52855332569062,22.033138200982922
2018-02-21,110.77982425925387,22.06587696816565
2018-02-22,112.39387638276617,22.05725072809907
2018-02-23,111.93206397118925,22.554476499792532
2018-02-26,114.53800402873635,22.706585091234434
2018-02-27,114.65180047074956,22.91935075639033
2018-02-28,114.35886452842348,23.079423836600967
2018-03-01,110.6148939234308,23.218205770625747
2018-03-02,110.62199339122469,23.2964084018337
2018-03-05,104.59812451259806,23.531801356011737
2018-03-06,102.03592696077311,23.39989261356496
2018-03-07,90.24779101521858,23.38053336355619
2018-03-08,87.67946941606641,23.446207474003742
2018-03-09,87.4776188048668,24.040194126420047
2018-03-12,88.28765040705088,23.76795387077906
2018-03-13,86.39116024902637,23.764494859890696
2018-03-14,87.79575266853895,23.634415978581664
2018-03-15,87.18176258240163,23.631481030351985
2018-03-16,81.87017973100733,23.637707877793467
2018-03-19,78.2877621778879,23.101122090275123
2018-03-20,78.03090429955259,19.319471323807377
2018-03-21,75.4136116266314,18.517817076769553
2018-03-22,75.20115523640087,19.897126806636717
2018-03-23,73.65835537644455,17.592307356967208
2018-03-26,70.43201272750458,18.779317840542177
2018-03-27,71.38773294602699,18.976768502554144
2018-03-28,67.92844872370917,18.968768946149556
2018-03-29,72.06440906095148,18.924177977694335
2018-04-02,69.46084146989529,19.443510894597498
2018-04-03,71.99571716569905,19.890451171807662
2018-04-04,74.49176440419555,20.133425784265878
2018-04-05,72.79182910637557,20.2477150342456
2018-04-06,70.37847522793516,21.22726736701797
2018-04-09,70.46369944319255,20.696160121323985
2018-04-10,65.83349612263146,20.963723480410852
2018-04-11,65.83771360597075,20.73219062368173
2018-04-12,76.35379222725824,20.723574132068943
2018-04-13,70.1051909739548,20.306354341627163
2018-04-16,70.30449224538664,20.394805574550592
2018-04-17,69.61943154007868,20.3543409865944
2018-04-18,68.78772844639155,20.340732243377907
2018-04-19,68.24481359919741,20.400711053745727
2018-04-20,70.93636310096122,20.47311453153197
2018-04-23,70.27911760997608,19.748869189516185
2018-04-24,73.79248443065384,20.062090990825933
2018-04-25,78.18005125909893,20.047497039596358
2018-04-26,77.81031371973795,20.291554327034092
2018-04-27,78.51394299385231,20.29905782282912
2018-04-30,71.10948976876912,20.384270315328838
2018-05-01,70.9389876565439,20.05465112107556
2018-05-02,70.55665231511801,20.116489782985127
2018-05-03,70.68049963936225,20.117835525045827
2018-05-04,65.10663898761749,19.12273453583831
2018-05-07,65.19719568395188,17.97926088001868
2018-05-08,65.56781631547095,16.22099151439526
2018-05-09,64.11569592557353,15.570682172186093
2018-05-10,65.2243413216135,15.696814694779523
2018-05-11,68.95859491051071,15.34540280673477
2018-05-14,59.586903736661114,13.711621887152713
2018-05-15,58.88803535260217,13.550039630277217
2018-05-16,58.26474599340617,13.289931125470373
2018-05-17,58.82551372718575,13.142644814146124
2018-05-18,58.32430619087876,11.190220549336845
2018-05-21,55.738902049256644,11.283838083618209
2018-05-22,57.139442765555515,10.504985108581648
2018-05-23,59.36658558523408,10.350748969186633
2018-05-24,53.31675431563632,10.172866306121644
2018-05-25,47.104496657576725,10.156269699675239
2018-05-29,44.856680085297675,10.526295799142787
2018-05-30,44.728102733606804,10.775784059421632
2018-05-31,45.02925827201138,10.934764185511721
2018-06-01,44.82763154876042,11.149563665728474
2018-06-04,41.58799818236359,10.868372793351833
2018-06-05,42.03611425455373,10.863135103273487
2018-06-06,41.6207581984537,10.132888075352794
2018-06-07,41.64366396920822,10.145175471588729
2018-06-08,41.370317836324475,9.836255786703251
2018-06-11,46.79167289402526,9.835125949056993
2018-06-12,47.22505025172775,9.442523206134833
2018-06-13,47.76580015314102,9.551506087064404
2018-06-14,50.68170882341718,9.219968793572303
2018-06-15,51.15269506869847,9.187768727357593
2018-06-18,51.93713616896677,8.648488173791549
2018-06-19,50.783896802049696,8.760566514680182
2018-06-20,50.83271059461598,8.754137398250112
2018-06-21,49.498271201539595,8.647745373310684
2018-06-22,54.36882611865853,8.266373197895287
2018-06-25,54.76923999514697,9.189026189735799
2018-06-26,55.0193508248021,9.211852826975372
2018-06-27,54.669599294578774,9.311909312371203
2018-06-28,53.48019673635969,9.3817370366238
2018-06-29,56.21612299163622,9.387555545912557
2018-07-02,57.79537098876101,9.373779885903561
2018-07-03,57.66575991537744,9.17269500964773
2018-07-05,57.253211415526664,9.4417716658005
2018-07-06,57.28572736945357,9.713620740492205
2018-07-09,57.97498217420337,9.992777057719039
2018-07-10,52.751022898979414,9.979067641652204
2018-07-11,52.549006021285784,9.585222101548387
2018-07-12,51.26897334594342,9.1894717459027
2018-07-13,50.24221533789982,8.939617381130798
2018-07-16,50.05454735903915,8.577931871526252
2018-07-17,55.244866038920016,8.552550434070154
2018-07-18,54.43638885273523,8.560551966017107
2018-07-19,54.50981357571786,8.360196435051414
2018-07-20,54.77021481069403,8.371693118774623
2018-07-23,45.89896883791,8.348973833824463
2018-07-24,51.497152307056425,8.45292910552169
2018-07-25,52.75472062278163,8.762141627231925
2018-07-26,52.9483143799073,8.73275019760012
2018-07-27,53.193474202914494,8.985560635027106
2018-07-30,49.26142658948255,9.124668669387875
2018-07-31,52.009880572868184,9.189244449695432
2018-08-01,51.84233696998158,9.12006032147277
2018-08-02,51.70914160988672,9.221250918285632
2018-08-03,52.09059846424625,9.025122264043299
2018-08-06,54.57789565926231,9.053250329702495
2018-08-07,55.13095556680669,7.890311191254081
2018-08-08,58.58921322253596,7.913675345992717
2018-08-09,56.92948680780647,7.391240597948247
2018-08-10,59.55864298258477,7.705098363963911
2018-08-13,59.308088695007946,7.852685352161698
2018-08-14,59.344178156792196,7.985895472798714
2018-08-15,56.93242801769293,8.277484196628908
2018-08-16,51.033742693447415,8.272759055032635
2018-08-17,52.43945933895237,8.024679457822291
2018-08-20,53.073405197467615,7.683438791452897
2018-08-21,53.94429185634435,7.654160005601404
2018-08-22,52.47532092296444,7.264456898826673
2018-08-23,45.207136839496656,6.893529466968339
2018-08-24,45.95380325965753,7.0590847585667555
2018-08-27,45.526311321135,7.3140553411774
2018-08-28,46.653623834912686,7.267615822729738
2018-08-29,46.65731590036877,7.3674527222154
2018-08-30,44.68753244262626,7.384232782971892
2018-08-31,44.536123445624405,7.35953665957685
2018-09-04,42.00069458693069,7.406613789167974
2018-09-05,48.01228626433794,7.391519532771736
2018-09-06,48.647298415003014,7.107404664864364
2018-09-07,44.35975812150122,7.093928604572768
2018-09-10,40.28263894609772,6.754203721356139
2018-09-11,40.26592776571717,6.542773385360247
2018-09-12,40.27134818692923,6.443202543510962
2018-09-13,40.631891098178855,6.552099616607192
2018-09-14,40.36062132843733,6.430446683254997
2018-09-17,39.67146256831538,6.602220448533251
2018-09-18,39.71844862765634,6.690143454624821
2018-09-19,38.69385993883325,6.646746365899271
2018-09-20,38.20134076555934,6.975200429084903
2018-09-21,38.9370887227987,6.963425860185011
2018-09-24,37.76293727136068,6.703011044014683
2018-09-25,38.24467740190336,6.575593601743078
2018-09-26,37.45746240420223,6.490914438120369
2018-09-27,37.2647618459048,6.0090968156207225
2018-09-28,37.246011313633126,5.6503410838948644
2018-10-01,36.414774484663006,5.64852432846495
2018-10-02,36.17855332731469,5.652667313116324
2018-10-03,36.200300064499,5.63485540605077
2018-10-04,36.09956240722701,6.155499708610279
2018-10-05,27.934856605647866,6.3886457875324725
2018-10-08,22.52848205763753,6.163187497525208
2018-10-09,22.358739747608542,5.731210999570292
2018-10-10,22.54140262929683,10.908412523991162
2018-10-11,27.218371601491214,12.310856738032399
2018-10-12,27.19252759210799,13.128481066504397
2018-10-15,29.599208546656115,13.172138126117213
2018-10-16,29.57203128511317,14.81006742956252
2018-10-17,27.517698150499275,14.804053361251176
2018-10-18,27.442678973855216,15.318634924095125
2018-10-19,27.427190384186485,15.318404453991585
2018-10-22,25.05240202377921,15.32142775792834
2018-10-23,25.05253676467813,15.291231401964664
2018-10-24,24.605021026423103,17.442447573462662
2018-10-25,23.695341260669213,18.27257158667433
2018-10-26,23.59278982986255,18.79096098871828
2018-10-29,23.021317897402234,18.79383166113294
2018-10-30,22.97934318822478,19.337446292379003
2018-10-31,22.95190707595525,19.69065211672727
2018-11-01,23.136175250550508,19.81873503190014
2018-11-02,23.043061828116024,19.843701585054767
2018-11-05,22.767389300636502,19.971549082899276
2018-11-06,22.849242322278148,20.117505612096828
2018-11-07,22.967372118206416,21.18893924213433
2018-11-08,23.193605302250305,21.15870107396656
2018-11-09,23.257300644712302,21.300874873057488
2018-11-12,17.833918546097408,21.823248980919864
2018-11-13,17.84595992833774,21.81781679194602
2018-11-14,31.383226910241397,21.83919989749486
2018-11-15,31.516634977326515,22.09292625067382
2018-11-16,31.588042288763507,22.102689805899185
2018-11-19,51.270783599205735,22.539157318562314
2018-11-20,56.23890777516647,23.034356671243657
2018-11-21,57.67304371899647,21.33936689075082
2018-11-23,58.669159179573406,20.49081744306296
2018-11-26,67.70383284937215,20.64087220735956
2018-11-27,68.00846381484264,20.63138565096648
2018-11-28,77.12111927935042,20.740531733813008
2018-11-29,77.2058101421866,20.743167319449427
2018-11-30,78.47267944367003,20.412187114265972
2018-12-03,81.22604937019543,20.768738355235794
2018-12-04,81.59466839113163,22.876324775216474
2018-12-06,82.70046696155264,22.838318044843547
2018-12-07,82.21221097476511,22.08599208136271
2018-12-10,84.44303414815411,21.430997782878787
2018-12-11,84.22134984427689,20.816823517662556
2018-12-12,84.88058083224125,20.803946858095202
2018-12-13,85.15663704627971,20.344118151759442
2018-12-14,81.62005624553123,20.74252199316848
2018-12-17,87.36999298320026,21.100066462153286
2018-12-18,88.56042237905393,21.073906188612458
2018-12-19,79.8618681926389,21.270248369344817
2018-12-20,81.87231564580952,21.44213325712837
2018-12-21,82.75304812538677,20.662544549044117
2018-12-24,75.30672712917257,21.578053711269167
2018-12-26,75.33323311586825,26.79189025965346
2018-12-27,76.89472424092743,26.600344907486356
2018-12-28,72.9383035935302,26.602918260859294
2018-12-31,70.11431221624969,26.78533879629362
2019-01-02,68.71487812955682,26.53339859282603
2019-01-03,69.01136641752639,27.192193993990056
2019-01-04,67.26795818897516,28.85450156409577
2019-01-07,65.75105149560744,28.54017207779017
2019-01-08,64.95594186758055,28.672752410312306
2019-01-09,64.11210259387057,28.66073963796331
2019-01-10,69.65805234122348,28.261798521731674
2019-01-11,69.49978869614831,28.236018253787602
2019-01-14,68.96820137424292,27.35097653085616
2019-01-15,69.3490488859028,27.623105612219323
2019-01-16,64.79966623456353,27.55608247483264
2019-01-17,63.683830241140626,27.34209547816473
2019-01-18,63.57047763594863,26.017213807680857
2019-01-22,54.12071107427071,26.30151648297184
2019-01-23,53.6738433170165,25.401675562701165
2019-01-24,50.34483020004215,25.396720386037664
2019-01-25,50.20129052857023,25.510395923747904
2019-01-28,42.96953345168986,25.574698731991667
2019-01-29,42.739202551196996,25.577377066196682
2019-01-30,42.06164450942215,25.344755927367252
2019-01-31,41.180069748726496,24.639542301505575
2019-02-01,40.42167206706309,24.626299254104282
2019-02-04,40.092259260490756,24.113775060048642
2019-02-05,35.5973370695487,23.41412734373634
2019-02-06,35.651542826005226,22.32006404247952
2019-02-07,35.594547688952055,20.749385630340512
2019-02-08,42.68774588446076,15.88864001455859
2019-02-11,33.38834016978314,15.846576615506654
2019-02-12,32.160798499045576,16.046567083235768
2019-02-13,29.727929881230295,15.966150592530152
2019-02-14,29.149961959252877,16.03207468168549
2019-02-15,29.081473020312558,13.93856771162299
2019-02-19,32.40472512504921,10.973602263938192
2019-02-20,32.39160226518448,10.888759732125603
2019-02-21,32.660653874693224,10.87833556377047
2019-02-22,32.678317094744834,10.912460057291366
2019-02-25,42.67628216419582,10.915077530138486
2019-02-26,42.71483946497074,10.93877179387044
2019-02-27,41.45554898643526,10.66923210643497
2019-02-28,41.35681039245334,10.420461194232077
2019-03-01,41.30446773552961,10.483428752769393
2019-03-04,41.82312554377936,10.506706590939775
2019-03-05,42.50074542071556,9.993361308755963
2019-03-06,42.47538417326189,9.2099585349226
2019-03-07,42.47600657574496,9.670248142690006
2019-03-08,42.13318547713506,9.718600292219977
2019-03-11,36.753130604532515,10.23655704969784
2019-03-12,36.742417584131346,9.87487994438261
2019-03-13,36.535706928288256,9.91466656094578
2019-03-14,36.54029805116817,9.07524411080346
2019-03-15,36.5061277037811,8.881374852994762
2019-03-18,36.94916238367056,8.895956528992627
2019-03-19,36.90572210297592,8.75517002442869
2019-03-20,32.1768566893984,8.804881787581726
2019-03-21,32.43086013490789,9.238227938594799
2019-03-22,32.21396968526723,10.612107843143178
2019-03-25,30.474497353848268,10.628015176805679
2019-03-26,18.01171968298212,10.77808393235343
2019-03-27,18.639516585797185,10.385574648847536
2019-03-28,18.535394430733813,10.397744496766379
2019-03-29,18.580969253359225,10.472673098817237
2019-04-01,18.844507889558002,10.552723938599206
2019-04-02,49.30392014523419,10.552905936693984
2019-04-03,48.53772183949678,10.55038929442155
2019-04-04,48.213308137935236,10.465553252722055
2019-04-05,48.37381613301163,10.417969525386964
2019-04-08,48.53612794645548,10.418882000791934
2019-04-09,48.98237240452077,10.568549166655709
2019-04-10,48.71818019864806,10.579179367404539
2019-04-11,51.724769522959214,10.54900620880213
2019-04-12,51.66339580032636,10.571269004375331
2019-04-15,52.20496804871322,10.485329564335851
2019-04-16,52.54503156195513,10.455694178509146
2019-04-17,52.53126604995,10.280224523672748
2019-04-18,52.53079786013476,9.835787489949398
2019-04-22,52.174075223027394,9.771433655404095
2019-04-23,52.39404889176146,9.287204379815753
2019-04-24,52.61026378972614,9.340885136925232
2019-04-25,55.257534978448454,9.241127395117951
2019-04-26,55.05734584815154,9.267081177930466
2019-04-29,55.19343256223691,9.212219076142484
2019-04-30,55.22775995475481,9.192819092141349
2019-05-01,55.21582233127101,9.544910883593207
2019-05-02,31.784444680696534,9.516163516376974
2019-05-03,33.86455294775838,9.387453136472706
2019-05-06,33.571709093809396,7.297542663332067
2019-05-07,33.01346290444565,9.02890436530735
2019-05-08,33.409415485901654,8.847209915574991
2019-05-09,33.75805790957464,8.739547264592211
2019-05-10,34.30514710684251,8.782798786896144
2019-05-13,55.085479633693545,11.482773265535005
2019-05-14,55.13973338226273,11.256259854454711
2019-05-15,54.25976549733021,11.394237021067397
2019-05-16,56.357596209848595,11.703434735675728
2019-05-17,61.436590316170026,11.832592797991792
2019-05-20,70.31492924116176,11.87928559427962
2019-05-21,70.26360470569985,12.191796505103508
2019-05-22,71.71662903401663,12.1346938778252
2019-05-23,71.60053667463082,12.57495752645251
2019-05-24,70.99351149252676,12.60428585863258
2019-05-28,70.92674418312367,12.648347487330646
2019-05-29,70.9204579383118,12.749117156500747
2019-05-30,72.79180332547553,12.791842588010521
2019-05-31,72.91118698438991,13.275044094408434
2019-06-03,75.81138685849533,13.231840664829267
2019-06-04,78.69183216529483,14.84572271035652
2019-06-05,78.5197300288039,14.826735982019706
2019-06-06,78.56874348106312,14.985707610112344
2019-06-07,78.60802630981928,15.310395173908246
2019-06-10,71.99703916633611,15.308429867225442
2019-06-11,71.28389741652158,15.296099226350284
2019-06-12,63.697207962671186,15.296377405758149
2019-06-13,63.438316769099515,15.21241417611976
2019-06-14,64.95000599460644,15.204000308396083
2019-06-17,60.20451433861216,14.910313627295583
2019-06-18,50.80686727255509,15.19871574628095
2019-06-19,50.20126053344727,14.349278501264045
2019-06-20,50.55257370352438,14.564732591012902
2019-06-21,51.50669486551719,14.534422383383566
2019-06-24,52.89431430183621,14.497377694179308
2019-06-25,52.307149562024215,12.627837075217293
2019-06-26,58.27734648735915,12.429976303330635
2019-06-27,75.19252175895154,12.369579437339553
2019-06-28,79.95358971820365,12.186318924336334
2019-07-01,86.33251123428926,12.213587015784336
2019-07-02,86.329255433941,11.984226286314415
2019-07-03,87.92198504919668,11.933545118393262
2019-07-05,88.56533418718897,11.88118906784946
2019-07-08,89.76276810373271,11.34092471015058
2019-07-09,88.59968284834576,11.341546826593286
2019-07-10,89.47141007259339,10.86194373901465
2019-07-11,92.36224662512058,10.519982476703746
2019-07-12,92.60683730534235,10.534006666695973
2019-07-15,99.74730048987078,9.381976640493418
2019-07-16,108.30407697650956,9.419832879941037
2019-07-17,108.01558561742466,8.098845932874905
2019-07-18,111.05392686628639,7.878441923861963
2019-07-19,111.07387105906317,8.052556098354112
2019-07-22,108.82494030091019,7.658123443202861
2019-07-23,109.40763484328382,7.78649875776791
2019-07-24,109.29542986224492,7.826408525291165
2019-07-25,107.23234715420485,7.98600915193644
2019-07-26,102.54993399034973,8.093317603345483
2019-07-29,87.62642041749062,8.1165162700222
2019-07-30,83.18828637590796,8.193022745944974
2019-07-31,84.36696919062824,8.500591538598682
2019-08-01,84.65063267325833,8.916912834090022
2019-08-02,78.92774843139382,8.766556948768095
2019-08-05,79.91903452909438,12.41781370736142
2019-08-06,80.14899533007228,13.16629047591398
2019-08-07,78.27708224743513,12.877877807625913
2019-08-08,77.95057719745053,14.088691834913572
2019-08-09,77.39010427641185,14.20556801988568
2019-08-12,74.42186275973812,14.550310296710991
2019-08-13,68.80833879076049,15.027285819454638
2019-08-14,70.52633205908485,17.2751260262148
2019-08-15,57.79904562095357,17.091218702886717
2019-08-16,57.50656222270851,17.730064962534453
2019-08-19,52.39915692672148,18.0723340622633
2019-08-20,52.35749820219582,18.182279490777027
2019-08-21,54.772712561770895,18.296477628295328
2019-08-22,53.23265483072854,18.27437126844518
2019-08-23,53.677747696196164,19.601577598011097
2019-08-26,53.007358920508175,19.94308135076132
2019-08-27,53.330927202916826,19.94956716581103
2019-08-28,54.91619245269466,20.029645527856157
2019-08-29,55.368567096273416,20.380586833363243
2019-08-30,53.49018021352458,20.328322007405013
2019-09-03,55.324656106994816,20.365015482356647
2019-09-04,50.62005097942649,20.540905927896674
2019-09-05,50.083999507157785,20.85549451761748
2019-09-06,48.69961570589466,20.81611259815461
2019-09-09,47.604677010033484,20.71506473722085
2019-09-10,47.57547857646966,20.710852825926267
2019-09-11,47.60768329458632,20.81172674642922
2019-09-12,46.63404035239743,20.571262650316392
2019-09-13,40.187577742119984,20.390558641627578
2019-09-16,39.31144031889793,20.274198368760633
2019-09-17,39.185553145390074,17.95936718905843
2019-09-18,35.69036932830539,17.5988937602924
2019-09-19,35.5994189447473,17.6028896463926
2019-09-20,31.121444352516715,16.838825379500406
2019-09-23,31.25859857080524,16.69093437911627
2019-09-24,46.66977351477279,16.437946269238488
2019-09-25,45.98326496401113,15.937384986276514
2019-09-26,47.163977573724544,13.050524144637453
2019-09-27,46.397472587557374,13.205107594593072
2019-09-30,46.66421374743809,12.638051992820785
2019-10-01,46.46775098708362,12.744824660923479
2019-10-02,42.523465657404955,13.603203881372966
2019-10-03,41.391996297099794,13.606185177534929
2019-10-04,41.36144790541041,14.158404769451593
2019-10-07,42.35905853617265,11.85090138585531
2019-10-08,42.39510897269792,12.420191432686973
2019-10-09,44.9393899162359,12.635786016248632
2019-10-10,44.72473358534707,12.623977795864114
2019-10-11,45.19496501755149,12.444365202947225
2019-10-14,44.57964271999546,12.450638706181921
2019-10-15,44.70453768361125,12.579587379220863
2019-10-16,44.83139284094938,12.219915845515505
2019-10-17,45.0280706835524,11.692854836339372
2019-10-18,45.079932391722785,11.770723150295762
2019-10-21,46.241864603944,11.925761832576272
2019-10-22,46.27484402011611,11.971169155863844
2019-10-23,49.397295900467135,11.824194527774774
2019-10-24,36.12526839262963,11.79110005779324
2019-10-25,56.21838405050369,11.846294602225727
2019-10-28,58.97523020150852,11.904229619504209
2019-10-29,58.76789978932806,11.890552723037782
2019-10-30,59.08674959955672,11.915439980804319
2019-10-31,59.09384985560172,11.949753052102258
2019-11-01,59.097056141427615,12.111888149564573
2019-11-04,58.943505748333,12.140775747501898
2019-11-05,58.58730973538343,11.865608019987276
2019-11-06,58.049956033806694,11.785495104806415
2019-11-07,58.17072480293444,11.767903626684083
2019-11-08,59.03907120942355,11.602281432006338
2019-11-11,59.628835391814924,11.603614080439216
2019-11-12,59.63592813974088,10.903800667634968
2019-11-13,59.62542182969484,9.210990349668839
2019-11-14,59.392292178688436,9.04704443928543
2019-11-15,59.5936619851264,8.535627465862731
2019-11-18,60.17286395514696,8.33773316906826
2019-11-19,59.721602846085666,6.480384173251635
2019-11-20,60.051952908253114,6.394405578875799
2019-11-21,61.42495576954873,6.332341305156149
2019-11-22,59.25976194982593,5.808700924261262
2019-11-25,36.976267059623154,6.009257780983763
2019-11-26,35.331111832357756,5.519950966680496
2019-11-27,37.72804074091253,5.4879974922727035
2019-11-29,39.03990704685402,5.708201897868948
2019-12-02,39.17762941312777,6.193744599001279
2019-12-03,39.23920372268403,6.427146477903784
2019-12-04,38.41079158935466,6.457273518156706
2019-12-05,39.75868895458447,6.44219385503872
2019-12-06,40.12247862515497,6.824825761232193
2019-12-09,38.21994847799293,6.914739547989162
2019-12-10,37.033198421942174,6.826576086480853
2019-12-11,36.19844937503903,6.83099132480385
2019-12-12,36.1141667886054,7.141362964698998
2019-12-13,36.19940302807812,7.042018492907475
2019-12-16,36.61333661592766,6.846790404991
2019-12-17,37.923581636224036,6.810428901856176
2019-12-18,47.08068867498349,6.7829196960541775
2019-12-19,47.05142347564242,6.8203456191849146
2019-12-20,46.78327150797957,6.847425604023847
2019-12-23,44.87014656675737,6.841284351872681
2019-12-24,42.50855837834695,6.780926109893656
2019-12-26,42.32699630712464,6.8676535811193595
2019-12-27,40.44706281048683,6.879115075173509
2019-12-30,38.5474409341115,7.184218878715612
2019-12-31,38.350198737665146,6.977818039559157
2020-01-02,39.11845574863301,7.357835717149627
2020-01-03,41.800371126622444,7.804747011963868
2020-01-06,43.22648327336695,7.690718051374843
2020-01-07,45.46400203468302,7.741052342326114
2020-01-08,45.04768800035481,7.818479989728419
2020-01-09,45.43223157969639,7.757509616986661
2020-01-10,46.29917087856264,7.858874830914764
2020-01-13,46.42452801124855,7.970741891832185
2020-01-14,51.39941639360583,7.871926691660748
2020-01-15,50.20058580046418,7.272027665795728
2020-01-16,48.13834678407128,7.023643094601425
2020-01-17,41.60686724493768,6.9368096312647145
2020-01-21,41.03367492001668,7.044503990445948
2020-01-22,40.471020441401336,6.751297385015382
2020-01-23,41.83355219239736,6.586961900036564
2020-01-24,41.70127334466641,7.263776091568898
2020-01-27,43.18984634201919,8.91476341003961
2020-01-28,44.880988074757305,9.063667271133921
2020-01-29,44.39535047843399,9.080918794237162
2020-01-30,44.034497491659266,8.942593681891491
2020-01-31,44.62329547610842,10.55421864289973
2020-02-03,41.73721891030193,10.747101205485619
2020-02-04,42.07802212174614,11.50490748276757
2020-02-05,41.98554440148704,11.864778959274238
2020-02-06,40.055078419181775,11.880543094842649
2020-02-07,39.760682211849655,12.031556504706444
2020-02-10,38.69691887841141,12.111519707143886
2020-02-11,39.40730729805125,12.104681630979497
2020-02-12,39.221241945322255,12.01785822136107
2020-02-13,32.949385859010135,12.040997521262755
2020-02-14,32.903106976968225,11.813844671033968
2020-02-18,36.852523872570416,11.572961003274122
2020-02-19,40.247553444629226,11.593344852916154
2020-02-20,40.2357659417882,11.641288341833068
2020-02-21,40.13208400109302,12.06557689988127
2020-02-24,40.227852433517974,15.561273890087435
2020-02-25,41.05536760913659,17.870361871208406
2020-02-26,43.3647952215693,17.709548720708845
2020-02-27,40.753016880521045,21.86203128496422
2020-02-28,40.86698355984774,21.802115247841204
2020-03-02,41.57710502272191,25.3457226343426
2020-03-03,41.62201312421435,26.442248298268577
2020-03-04,41.612661100699746,29.42566064634314
2020-03-05,42.93094613336941,30.831653442977053
2020-03-06,40.661823069891774,31.053028148933905
2020-03-09,48.666984499109205,38.3537938654579
2020-03-10,47.721575836612935,41.552880314818744
2020-03-11,47.47478298651123,43.399365899084295
2020-03-12,139.83741781761515,51.305835656892725
2020-03-13,145.047394521396,57.65042255507369
2020-03-16,147.00069224158668,65.74922456522667
2020-03-17,147.97210750706157,68.04004744557717
2020-03-18,148.12833998812332,68.80807236992553
2020-03-19,156.77452897492802,68.60118291448553
2020-03-20,156.4957848887497,69.12306080594274
2020-03-23,160.19504003476,69.19712305738175
2020-03-24,160.79413808801,74.82898552068822
2020-03-25,160.73536173189154,75.1109538332474
2020-03-26,160.69501297550582,77.44797220672474
2020-03-27,160.2972214058149,77.67110458693828
2020-03-30,163.23926410423687,78.53531737141729
2020-03-31,163.26384748515463,78.53933387121087
2020-04-01,163.06116477346592,79.15978502814654
2020-04-02,163.42725338935693,79.72851486836261
2020-04-03,163.4207382950187,79.74169888874509
2020-04-06,164.5381245990598,82.24636261717366
2020-04-07,162.4547834195623,81.94197150234925
2020-04-08,162.5189961155157,82.69183943077842
2020-04-09,162.51961864270638,81.89466026493976
2020-04-13,79.54456154454557,81.91869965392326
2020-04-14,79.16824272792323,81.37738891185874
2020-04-15,76.29662425840806,81.19329288733003
2020-04-16,77.71699196730714,80.17520638275356
2020-04-17,77.77937673226208,80.11150192470042
2020-04-20,63.829410552308815,80.13021703973907
2020-04-21,61.02868921594797,77.04456941630194
2020-04-22,55.454017160565485,75.8581628330155
2020-04-23,55.08977467461557,74.417811961469
2020-04-24,55.105292908433,67.99022285043709
2020-04-27,52.340029068053006,64.00294639457212
2020-04-28,49.19989119618666,53.38992203987917
2020-04-29,54.92057979876659,51.9055145849364
2020-04-30,55.412286485515395,49.23289161457127
2020-05-01,55.36018126938566,50.16584944636653
2020-05-04,55.09980592950171,47.92504310656713
2020-05-05,54.777003398607484,46.889891046007584
2020-05-06,52.22433364831034,40.73063848821806
2020-05-07,54.88326891771249,40.68008057353163
2020-05-08,55.14096218027069,37.80928656614854
2020-05-11,60.16816577349834,36.43465310785365
2020-05-12,60.29174524410741,36.18518317331866
2020-05-13,61.060235531557296,36.31680399598052
2020-05-14,61.98356678576678,33.27924810962929
2020-05-15,62.83587770486039,32.84223115167099
2020-05-18,60.524506047589256,33.159754571123464
2020-05-19,60.32196854544631,28.294558994105444
2020-05-20,58.923972356027384,28.55677618646623
2020-05-21,61.23688711607098,27.322557644012058
2020-05-22,60.79601660838534,27.057709195069823
2020-05-26,61.93025415544683,27.000952259284894
2020-05-27,62.63777703388656,26.091273103047907
2020-05-28,63.27878334463297,25.143675915795548
2020-05-29,53.51573157086531,25.141473309372227
2020-06-01,57.58042140330076,24.116679873119022
2020-06-02,60.836815772157,23.41959939254853
2020-06-03,60.91884854730571,21.271611643362405
2020-06-04,60.983794242965885,20.701095232644715
2020-06-05,60.646865516767775,21.592581912450328
2020-06-08,56.44645352701344,21.53021645726538
2020-06-09,49.25764835513167,21.587538913953903
2020-06-10,48.840000638017585,21.622401408753195
2020-06-11,51.647233511760746,27.371681143758813
2020-06-12,49.695316601662014,27.37773716177164
2020-06-15,45.99789252664608,26.096871134889465
2020-06-16,45.16763308467597,26.5221486703109
2020-06-17,45.156277657394284,26.546092057814658
2020-06-18,45.19253779404774,26.40053225551148
2020-06-19,44.93505358177109,26.380346455024263
2020-06-22,43.8844416855851,26.07908067117609
2020-06-23,41.47344350528301,26.08155168199381
2020-06-24,42.662036359283064,26.556263673394337
2020-06-25,42.614328503100914,25.973579055887935
2020-06-26,41.29073009237176,26.980167120383395
2020-06-29,39.15757344966014,27.222558897218192
2020-06-30,38.56036648301631,26.127601624812115
2020-07-01,31.957367358525858,25.92058620887866
2020-07-02,26.26812444853257,25.569647115293964
2020-07-06,27.23783037591105,25.72069959779448
2020-07-07,27.224017691202018,25.992471254638605
2020-07-08,27.86404560740172,25.87070473012477
2020-07-09,28.16901706821225,25.672405439728134
2020-07-10,28.035809170526925,25.779412996504046
2020-07-13,22.145621849495974,25.93944505070111
2020-07-14,21.99693515472246,26.146804029463688
2020-07-15,21.93012630169578,26.168024763524695
2020-07-16,21.774383908734592,25.96801875779645
2020-07-17,21.752316346320264,25.949283913191135
2020-07-20,21.338480188941904,25.023849045318862
2020-07-21,22.36461596305477,24.797093233626757
2020-07-22,20.16518776211709,24.7298376863405
2020-07-23,20.239947810681798,24.942051695592294
2020-07-24,17.697188442160698,17.496454861165073
2020-07-27,34.39580233680035,17.326514134385214
2020-07-28,34.592658309607025,17.361109344550204
2020-07-29,34.74194714158605,16.870907919718732
2020-07-30,34.593285608179855,16.85486375285226
2020-07-31,34.76882667011131,16.953641334621057
2020-08-03,40.90050181025048,16.869156043437435
2020-08-04,40.828318774574484,16.829092612829953
2020-08-05,41.82172340906508,16.856658668048
2020-08-06,41.38679307725919,14.669473395686977
2020-08-07,41.791735483190735,14.509749744214309
2020-08-10,41.33907427761419,12.070457559020118
2020-08-11,43.660409545524296,12.102915270450826
2020-08-12,43.608037277650595,12.185324682846018
2020-08-13,43.63160484057879,12.202365240874071
2020-08-14,43.535642807258256,12.196887094836304
2020-08-17,43.66448599236358,11.582606918452097
2020-08-18,44.57110627262132,10.960987160150566
2020-08-19,45.22542254894687,11.018909771043088
2020-08-20,45.023497640125264,10.76596824761899
2020-08-21,45.90415238274579,10.521892422315418
2020-08-24,45.793463389888025,10.232241491384677
2020-08-25,47.06233762028255,9.784751787536477
2020-08-26,36.522969709965494,9.836337585306401
2020-08-27,36.73442037830604,9.679524998052367
2020-08-28,36.81861827996348,9.738579557391864
2020-08-31,35.11443614168789,9.786284026139837
2020-09-01,30.55846999641989,9.987292065700764
2020-09-02,33.50370551953461,10.514237358900907
2020-09-03,45.96485932707486,14.665830880864325
2020-09-04,44.320714387099684,14.76370643209547
2020-09-08,45.397610647166594,17.022869832553074
2020-09-09,45.16937690902352,17.6910535093409
2020-09-10,44.145195636662606,18.27015478278163
2020-09-11,43.85358235625033,18.221771942078014
2020-09-14,44.79563218177455,18.453222535965384
2020-09-15,44.95935413575719,18.410333935190952
2020-09-16,44.25444207837966,18.44962982227567
2020-09-17,43.92335824926402,18.586701476876407
2020-09-18,43.644985671227055,18.800949486629836
2020-09-21,44.993542866175154,19.06352064917615
2020-09-22,45.101617099170646,19.292599069501083
2020-09-23,45.48791319516238,20.306867780961277
2020-09-24,47.076806248513115,19.85479509129192
2020-09-25,46.94130639594689,20.476942665699656
2020-09-28,46.46275924812655,21.072284698629037
2020-09-29,46.29493473516135,21.103259131025737
2020-09-30,46.303098914628684,21.21811362971682
2020-10-01,45.71024297215448,21.268939389161616
2020-10-02,43.80296651367414,21.429527570655107
2020-10-05,27.964446860962205,22.026412597683137
2020-10-06,28.39690083071919,22.20584792109834
2020-10-07,28.34679900790949,22.780041799485243
2020-10-08,28.077357995965848,22.737744791257796
2020-10-09,28.15684991891804,22.882293691747943
2020-10-12,28.772403556113513,23.278369080528847
2020-10-13,28.766277100876014,23.336563738285047
2020-10-14,27.267966210235254,23.24381001341333
2020-10-15,27.169189423687364,22.824081136159997
2020-10-16,27.268041595174765,20.394597671612964
2020-10-19,27.837553934200866,20.754229990054622
2020-10-20,27.648387695850325,19.028728546550855
2020-10-21,31.01022867045832,18.222934406897494
2020-10-22,31.03447746455796,17.458659341691067
2020-10-23,29.369049657448308,17.46890249356695
2020-10-26,26.728127980858922,18.018735935218093
2020-10-27,28.734000053135855,17.98962424149623
2020-10-28,30.36299274579668,20.598219213904322
2020-10-29,30.362219447462806,20.710485203336805
2020-10-30,30.122479225322905,20.66156133862151
2020-11-02,29.940916690816827,20.6635893588569
2020-11-03,30.530695574767165,21.07372972112945
2020-11-04,30.54520524074521,20.691973544807812
2020-11-05,38.89006878507996,21.28619783137366
2020-11-06,39.047301540833594,20.915872818036735
2020-11-09,44.00452819851451,20.708822723382767
2020-11-10,44.158779242549016,20.61639624653727
2020-11-11,44.40111283427896,20.612940117347033
2020-11-12,44.525062065064496,20.850199477067196
2020-11-13,44.479797939373945,20.86518896896707
2020-11-16,45.85512728666002,20.588932601140822
2020-11-17,47.3776087180008,20.125284966164934
2020-11-18,47.34055646331626,20.04900206450878
2020-11-19,47.49211034640047,19.946477617266915
2020-11-20,44.97293659126997,19.950478847709316
2020-11-23,45.695328175730474,19.49616273144438
2020-11-24,46.11795296300138,19.881113600034205
2020-11-25,47.010539063239264,19.77208625637582
2020-11-27,53.298315503094486,19.7601318097222
2020-11-30,57.400774227267185,19.826974247667593
2020-12-01,59.413913048474456,19.356851292321274
2020-12-02,59.03769471678635,19.34987454308966
2020-12-03,58.80703163194837,19.325754242389777
2020-12-04,60.57029678338869,19.39166905084919
2020-12-07,52.35821813011546,19.43066337994719
2020-12-08,53.67208836519743,18.399909605050826
2020-12-09,53.51187797605914,18.63540676109614
2020-12-10,53.83449735125521,14.917739284349201
2020-12-11,53.69527874918629,14.865006729986241
2020-12-14,53.7033303136938,14.472225165177118
2020-12-15,53.565027582454746,14.589176511487679
2020-12-16,58.086737856258644,14.003827630999108
2020-12-17,59.15380241154126,12.838592004781232
2020-12-18,59.178821783904056,11.960949719588013
2020-12-21,59.96569433727495,12.051874105370288
2020-12-22,60.45913619164756,11.651656398818808
2020-12-23,61.105803239866454,11.622734598133142
2020-12-24,60.498237445067524,11.508844244641683
2020-12-28,55.56864688641061,11.20403099658231
2020-12-29,55.47135342600935,10.66952148043036
2020-12-30,53.500383568244956,10.143669231499565
2020-12-31,50.900641591304904,10.023461956524331
2021-01-04,54.23006137805648,10.218801979799567
2021-01-05,55.664918456319946,10.313353186680875
2021-01-06,57.79062667891892,10.089267128045693
2021-01-07,55.46372643978711,10.705641943967544
2021-01-08,55.39988975704713,9.933088338202126
2021-01-11,65.03972333552443,10.195596919107881
2021-01-12,68.009847696031,10.196574103781066
2021-01-13,71.3526495519759,10.044188920966155
2021-01-14,71.65145756371736,9.767905061597842
2021-01-15,72.65662351238063,10.073851780675978
2021-01-19,72.0449135446984,10.260457801401536
2021-01-20,71.40259324894959,10.683100644029558
2021-01-21,84.17732810561728,10.634547135457705
2021-01-22,85.3462149692657,10.723329215772964
2021-01-25,83.7473483298337,10.293050768013174
2021-01-26,83.6570834896104,10.320363282668003
2021-01-27,86.0965427980445,12.836461245876722
2021-01-28,90.05580168902955,12.920013019490103
2021-01-29,89.18532111032007,13.82590717319559
2021-02-01,86.24513159924024,14.611532740277763
2021-02-02,87.5995292873435,15.057052255662558
2021-02-03,88.4085201109079,14.983601586849726
2021-02-04,86.95752146624339,15.196761015283524
2021-02-05,84.33847017311685,15.177679040659955
2021-02-08,95.88145848590884,15.254439596610212
2021-02-09,94.56108881653978,15.263089033320872
2021-02-10,92.17928267656376,15.142704597708837
2021-02-11,92.06660323566214,15.106805625773534
2021-02-12,88.70766805686931,15.13567190885971
2021-02-16,85.7214188321779,15.12208130593507
2021-02-17,86.76317977308386,14.419070332195002
2021-02-18,86.60911972444768,14.458107833153097
2021-02-19,88.2993787427277,14.43353036475467
2021-02-22,75.595671086231,14.098355062828166
2021-02-23,83.45109744398141,14.020152436522162
2021-02-24,83.38797730754666,14.158010782995667
2021-02-25,85.68802575041755,15.975855179501114
2021-02-26,82.74351788095274,16.036379825793528
2021-03-01,83.37517340468577,17.42189965844359
2021-03-02,82.98817062027648,17.44379029218143
2021-03-03,83.4740428927729,17.793556490110543
2021-03-04,83.81897424391703,17.685832359694825
2021-03-05,82.80662209549064,18.51002678031722
2021-03-08,82.83229742547495,18.53844196318416
2021-03-09,83.37054835979721,18.96490764418149
2021-03-10,68.25235239246234,19.034253430510116
2021-03-11,68.64022644845616,17.646684077318458
2021-03-12,67.68243613415461,17.52490543394705
2021-03-15,71.17128984990686,16.316188042849532
2021-03-16,70.75106797137677,15.774605662259903
2021-03-17,70.99776128029931,15.346882477031803
2021-03-18,71.09679367440191,16.033030358799195
2021-03-19,69.32527677074823,15.737018205963269
2021-03-22,67.55606112068836,15.858383991896252
2021-03-23,67.11462539737437,15.910182520924836
2021-03-24,65.69836986143511,15.978517723422694
2021-03-25,58.26515117946289,16.06414105038918
2021-03-26,60.86494715442724,16.71075074238087
2021-03-29,58.49136951929561,16.661341403816053
2021-03-30,57.8705121068375,16.680993057354414
2021-03-31,51.83387937847669,16.71591523933108
2021-04-01,50.99065778584214,16.913355128275484
2021-04-05,49.22590838233707,17.32259270698569
2021-04-06,48.115217064118724,17.115634783401195
2021-04-07,49.34995630844521,17.115788443896715
2021-04-08,48.73051991006334,16.917510906657284
2021-04-09,48.39189576960578,15.096199422975268
2021-04-12,44.04669382752751,14.934509399654825
2021-04-13,46.21174171806329,13.516040788425391
2021-04-14,42.51933048788009,13.294493754168087
2021-04-15,42.36977868516426,12.66482214430538
2021-04-16,42.19160951539729,11.788186436494119
2021-04-19,47.759578777593234,11.171173862077861
2021-04-20,47.80453991533925,11.332757746242397
2021-04-21,47.17635036716229,10.991576499718361
2021-04-22,48.56709254718755,11.436984392832812
2021-04-23,47.57495450844726,11.481510335261403
2021-04-26,52.43030306226507,11.479744580989436
2021-04-27,52.74158504903153,11.436567140651313
2021-04-28,51.853793960241475,11.417074364634464
2021-04-29,51.799205733829965,11.483265003601161
2021-04-30,56.59146217216846,10.67834595317872
2021-05-03,56.277150037774625,10.607904944402149
2021-05-04,59.426992691106804,10.75213999112932
2021-05-05,63.47242173781258,10.35774898949134
2021-05-06,63.541860643970494,10.251796069290082
2021-05-07,62.7792868545313,10.304458958479609
2021-05-10,62.80481370317772,10.131052544484632
2021-05-11,62.95196442037619,10.584795128487762
2021-05-12,75.05961831294367,12.467251855102871
2021-05-13,72.71399874387726,12.845206585319685
2021-05-14,72.78836897674887,13.198200307354455
2021-05-17,76.05492335619485,12.652858095013574
2021-05-18,73.50214498696923,12.939230860954233
2021-05-19,83.83176547656856,12.968292030660825
2021-05-20,89.51647592921452,13.25568973890325
2021-05-21,91.81497908663778,13.106878305129154
2021-05-24,99.73913377337938,13.415235940927639
2021-05-25,99.66799454977028,13.420235642957842
2021-05-26,95.03936128256983,13.37675872915388
2021-05-27,94.68478572557542,13.03156758323196
2021-05-28,96.32699439092386,13.007621830741378
2021-06-01,95.14621337030397,12.921103046031856
2021-06-02,95.54402206396486,12.715921827905705
2021-06-03,95.38141523251421,12.497249751329926
2021-06-04,93.01619064761249,12.426429104474078
2021-06-07,93.32230142113063,12.069674998279842
2021-06-08,93.40454288581783,12.0595965440471
2021-06-09,100.16966882458125,12.070673954363114
2021-06-10,99.80997255911113,12.133085652375573
2021-06-11,92.41386794979726,12.011674405748659
2021-06-14,96.85554074425424,11.840535002223858
2021-06-15,96.8947018849902,11.852363812014978
2021-06-16,96.28194664005186,11.824669378714656
2021-06-17,96.23873469977502,11.827109257207345
2021-06-18,87.87444974324981,12.285035315511614
2021-06-21,85.84555359462694,12.80779495658861
2021-06-22,83.59791108567319,12.538070186956665
2021-06-23,77.87930526870753,12.225866459350975
2021-06-24,78.42191535187207,10.32254567291529
2021-06-25,81.99363278278224,9.875130383744782
2021-06-28,82.22544672518963,8.968049704674144
2021-06-29,82.62088769539622,8.907284784914973
2021-06-30,81.75169352336997,8.41813866443203
2021-07-01,82.49166034371459,8.411744079793642
2021-07-02,82.18887358119687,8.167547687641571
2021-07-06,80.23221538546264,8.198056647835449
2021-07-07,77.92112650418554,7.808629412934021
2021-07-08,78.39037188541012,8.222479844256544
2021-07-09,71.70768508255271,8.671301682017624
2021-07-12,70.94034266619705,8.689839799311915
2021-07-13,64.69575982110175,8.804621181925846
2021-07-14,63.95410875758222,8.779886192005188
2021-07-15,64.2745779958166,8.889953447540341
2021-07-16,62.90304513552136,9.16837285971532
2021-07-19,61.38745477614482,9.94922493851267
2021-07-20,61.8948475872986,10.726057611851852
2021-07-21,56.25598471738732,10.928040892472849
2021-07-22,55.77285218232855,10.904524685794456
2021-07-23,55.87508510398216,11.17595104010002
2021-07-26,51.1940701107236,11.180111942610482
2021-07-27,49.16281900527333,11.308885364993971
2021-07-28,49.1502048803266,11.283476703834504
2021-07-29,47.97462467177224,11.124151209891659
2021-07-30,49.42521720611432,11.267316291329797
2021-08-02,49.82561150325971,10.399488024225128
2021-08-03,50.45168471795337,9.90312014257225
2021-08-04,49.57475234103634,10.010418044730466
2021-08-05,49.93721402602161,10.088480835271717
2021-08-06,51.012363108738576,10.001506659806285
2021-08-09,52.49410413569143,9.997629088075877
2021-08-10,53.00042636240151,9.994612917786515
2021-08-11,51.59803827303657,9.999882831084621
2021-08-12,52.2113794115441,10.012042112417971
2021-08-13,55.236159775258855,9.933643228885094
2021-08-16,54.832377880516745,9.75281494163723
2021-08-17,56.1281391010417,9.967474720165837
2021-08-18,54.73794011740418,10.503097348066124
2021-08-19,53.59737435263961,10.189378722642967
2021-08-20,51.9688753681532,9.98916579856689
2021-08-23,51.839729445266215,10.233496239452187
2021-08-24,53.51236934961228,10.158264182115003
2021-08-25,52.05462954439444,10.162658281507591
2021-08-26,52.29664683929328,10.281273257465887
2021-08-27,53.41033150404505,10.190489218553314
2021-08-30,52.695235217806314,8.967770907451188
2021-08-31,50.98186781851366,8.24399988187093
2021-09-01,51.10411333405589,8.012535607276137
2021-09-02,50.050493301572544,8.025999229468786
2021-09-03,49.13712051076058,7.5777520187477965
2021-09-07,58.86536426482009,7.677109368525372
2021-09-08,56.71644798716798,7.5344179501805355
2021-09-09,56.52068749051053,7.675229273405612
2021-09-10,57.354990708365904,8.00259385074578
2021-09-13,53.197849872852565,7.869257141101629
2021-09-14,54.97446656435538,8.025229793820287
2021-09-15,54.930775537552826,8.043219720787857
2021-09-16,54.25894470598519,7.904032044386035
2021-09-17,54.3911240533007,8.265013719270286
2021-09-20,58.41670997638766,9.586959019385393
2021-09-21,59.835262379214136,9.587364671778193
2021-09-22,63.59509541453635,10.027920047856725
2021-09-23,63.51719630512429,10.623656170854241
2021-09-24,64.23178041634037,10.598509450178632
2021-09-27,62.03572944557387,10.616234917401329
2021-09-28,62.411317124742475,12.091017196698198
2021-09-29,61.914348296760565,11.990368923400787
2021-09-30,64.01669395261706,12.093063424514051
2021-10-01,69.1245117576371,12.611234809584177
2021-10-04,69.26883375408718,12.87594599979364
2021-10-05,69.90750167541576,12.988848414380353
2021-10-06,72.83998033978123,13.053623414708545
2021-10-07,64.28995459736402,13.316495935673206
2021-10-08,64.00940685810562,13.228621582080754
2021-10-11,64.28578617602997,13.056123921495669
2021-10-12,64.91471196532736,12.958072264114898
2021-10-13,64.4336172386893,13.034867364544663
2021-10-14,63.45591664981666,14.016579088456124
2021-10-15,66.08922008806314,14.179126689164484
2021-10-18,65.82122954885811,14.213187985468895
2021-10-19,65.65262511157384,14.363489064154003
2021-10-20,57.16866492038215,14.401332129544336
2021-10-21,57.96001639349382,14.352392366876646
2021-10-22,56.653852402115454,14.141006068742575
2021-10-25,54.194138581919916,14.19631125906361
2021-10-26,56.60405406056914,14.074864628147976
2021-10-27,57.12334223604712,13.982257376134308
2021-10-28,56.29066514130939,14.207616002436389
2021-10-29,56.41912287946459,13.84116350047266
2021-11-01,49.780991840345195,12.728484526042575
2021-11-02,50.41844742568008,12.712251099436836
2021-11-03,50.470137961098374,12.56658211719116
2021-11-04,49.896449882130256,12.229141778732235
2021-11-05,45.8604395175637,12.239286255645613
2021-11-08,48.46093471961073,12.163361051458057
2021-11-09,48.5834751527519,10.312479079370846
2021-11-10,48.04869992265264,10.757366806918947
2021-11-11,47.255990160834706,9.867878658655048
2021-11-12,47.154071606392314,9.593530235765988
2021-11-15,43.497598420008124,8.43997522814236
2021-11-16,46.344586036992844,8.146903229223666
2021-11-17,46.294199250247274,8.265837352210728
2021-11-18,47.85966106392153,8.064154010186297
2021-11-19,47.55182935756335,8.062570194044026
2021-11-22,46.48602558723178,7.699787125240595
2021-11-23,47.03602875928852,7.567646346327114
2021-11-24,46.134349771721,7.56140803288316
2021-11-26,48.041378891911975,9.48526496685794
2021-11-29,48.58597564422542,9.84116399160374
2021-11-30,48.66375793743515,11.556282699503697
2021-12-01,48.69085351035334,11.842821567648674
2021-12-02,47.43095500570641,12.59549625846746
2021-12-03,49.47650421733228,12.84687043821747
2021-12-06,55.16521401214754,13.287091697868567
2021-12-07,54.215673431798685,14.447629230429959
2021-12-08,49.735012345479,14.45627619381766
2021-12-09,51.642657142163195,14.547830962753949
2021-12-10,51.34201657325562,14.535875449197205
2021-12-13,56.755690284555016,14.80409666244853
2021-12-14,56.274532543237385,14.953958856654118
2021-12-15,58.52000607176947,15.563930256259509
2021-12-16,57.10671992460898,15.709963909637642
2021-12-17,57.397589508236436,15.952289485274484
2021-12-20,54.36806489010139,16.181021051677057
2021-12-21,56.26418620127779,17.040652676300684
2021-12-22,55.198860303129024,17.269091540311145
2021-12-23,56.417929149936555,17.17438792732699
2021-12-27,52.11321221672828,17.609592150606414
2021-12-28,52.97888764684291,17.509899648582962
2021-12-29,53.01180533292565,17.509899243075317
2021-12-30,53.382318112925034,17.514007308088363
2021-12-31,53.407182633442574,17.515400760189696
2022-01-03,46.83222595656416,17.561949344463645
2022-01-04,46.89544712507801,17.54923937280146
2022-01-05,48.315125091335055,18.472945109857466
2022-01-06,48.2808209657846,18.472351819970548
2022-01-07,49.185105902890434,18.492173732943478
2022-01-10,44.60129438100848,17.234332743819845
2022-01-11,44.91490989385448,17.07457204353512
2022-01-12,41.576951016156286,15.977998071528763
2022-01-13,42.437624037141894,16.178359288077115
2022-01-14,39.89679038263996,15.61956587119273
2022-01-18,38.582944501755996,16.305255340126006
2022-01-19,38.67125038871564,16.222625714528252
2022-01-20,36.51497245333838,15.245662219111797
2022-01-21,47.24737435068221,16.088679997973777
2022-01-24,47.57237126460935,16.133169604702815
2022-01-25,47.59400691482993,16.046902193092787
2022-01-26,47.60190928634259,15.933916824815006
2022-01-27,45.27698878578492,15.895334792568208
2022-01-28,45.59730155690174,16.953067787224104
2022-01-31,44.41026276424286,17.759159189448816
2022-02-01,44.59218496875519,17.65762090880581
2022-02-02,46.006043478255734,17.622982724391537
2022-02-03,46.138286899984735,18.140823168826216
2022-02-04,55.490040602226756,17.922556045442086
2022-02-07,55.56381384189366,17.783536427219353
2022-02-08,55.575539558412565,17.40982619572194
2022-02-09,55.57088006612877,18.04857475009539
2022-02-10,55.526659474379116,18.666152649449423
2022-02-11,55.45691644619733,19.373579212335258
2022-02-14,54.67447639809414,19.374552438552364
2022-02-15,56.27941730323434,19.976878273684193
2022-02-16,56.0994834225493,19.993646502084587
2022-02-17,60.96354563678212,20.167422131953575
2022-02-18,60.920833205421275,20.198962674979164
2022-02-22,52.19965976992494,20.338589824069906
2022-02-23,52.750436252761915,20.801072728214763
2022-02-24,53.2829412979296,21.170024917913643
2022-02-25,53.62876403663226,22.31813185682551
2022-02-28,67.23703330356273,22.053837352478187
2022-03-01,67.47391462895017,22.370789384262917
2022-03-02,67.54636796269384,22.672819684164132
2022-03-03,68.45459070553089,22.538424945398997
2022-03-04,71.27642846275288,22.440952165783372
2022-03-07,63.7919750160141,23.345400339646112
2022-03-08,63.6145260009493,23.347446516696802
2022-03-09,67.3236100767367,24.512110583717803
2022-03-10,69.5552296998398,24.533085274535914
2022-03-11,69.59870767648938,24.757987737601713
2022-03-14,71.06562420320492,23.61252304680398
2022-03-15,71.08750248489122,23.921680133248035
2022-03-16,72.33137750607904,24.78321650390945
2022-03-17,70.96072740653271,24.90226560665056
2022-03-18,71.1959771959914,24.188199914834126
2022-03-21,67.39772602565077,24.14636415145154
2022-03-22,66.61438336520405,24.36872345205857
2022-03-23,65.61147666840158,24.54223136159475
2022-03-24,65.37504245724598,24.565409003440323
2022-03-25,64.72623263949417,24.022613946972022
2022-03-28,65.52676271713884,23.307056374278794
2022-03-29,64.2727965162249,23.480438052543583
2022-03-30,51.6494387092431,23.1911695092549
2022-03-31,52.153229914803745,23.681404449239626
2022-04-01,52.23546659478592,22.7428105670119
2022-04-04,44.69236922172892,22.712650142407067
2022-04-05,44.57288898395294,22.811795025045786
2022-04-06,47.54192963284279,22.3334444420984
2022-04-07,47.38136616910374,22.01665522928029
2022-04-08,42.32194247582634,21.196612978139783
2022-04-11,42.77558491124409,21.819254087080793
2022-04-12,42.131422573166525,21.347181777768515
2022-04-13,40.57994533449627,20.94858592898396
2022-04-14,41.523418366472555,21.232749673451547
2022-04-18,40.18909616915163,21.082182384937486
2022-04-19,39.96588171131448,19.453892415916897
2022-04-20,39.95731139481483,19.257475629027756
2022-04-21,39.32348993799808,18.477238067185446
2022-04-22,39.43207731573623,20.22533949151838
2022-04-25,39.268576572291735,19.90637534689906
2022-04-26,39.11641920742562,21.637195921691717
2022-04-27,40.31205561721389,20.65917372886707
2022-04-28,40.534476046417076,20.961042738655667
2022-04-29,41.114486743788746,23.184719648284542
2022-05-02,40.915070618125945,22.987739086803767
2022-05-03,40.74006944985836,23.06838555546393
2022-05-04,43.913104083802274,24.587357993695306
2022-05-05,48.99481925799955,26.37982447502133
2022-05-06,47.11804390375583,25.88039952579803
2022-05-09,56.962220311753796,27.129140608021586
2022-05-10,57.86092365060823,26.990141621098118
2022-05-11,58.19420840798386,26.71077698889126
2022-05-12,57.852318161963,26.738833553236397
2022-05-13,57.11434225490666,27.812922627826246
2022-05-16,60.19900210733734,27.739542050243188
2022-05-17,60.72105623056622,28.412702861199502
2022-05-18,61.29992250055669,30.323865022964767
2022-05-19,63.72006857059957,30.284951472132743
2022-05-20,64.1501937970129,30.18779608527133
2022-05-23,65.98033458179852,30.929014595011083
2022-05-24,66.46649423612261,30.69652609857869
2022-05-25,65.70369561885457,30.908870329710314
2022-05-26,64.03153813186329,31.347478040185344
2022-05-27,63.11305075466789,32.176227808928864
2022-05-31,67.23151462556298,32.18839111940424
2022-06-01,69.26890440828214,31.774536155097373
2022-06-02,69.73419368800823,32.38536100466939
2022-06-03,67.73657215475008,32.4396443565281
2022-06-06,66.07698788910339,31.538980359137554
2022-06-07,65.13111981675146,31.629476348906344
2022-06-08,56.179646116432615,30.626867848867644
2022-06-09,55.73043212418182,31.36456903972077
2022-06-10,52.839347703760964,31.37121200550349
2022-06-13,73.8423534745792,31.473213106875793
2022-06-14,72.37089373386699,31.353991276447147
2022-06-15,71.98705929224963,31.687940860334002
2022-06-16,76.28761721515595,31.275046293507458
2022-06-17,75.26768107883655,29.922891478766267
2022-06-21,78.20859897476873,31.055755817809956
2022-06-22,78.04608338206342,29.76000710801609
2022-06-23,79.87900172442104,29.929484163106363
2022-06-24,80.02161893000337,31.07713201152605
2022-06-27,80.16619960421403,31.095067035766967
2022-06-28,79.62060995956261,30.796047054213858
2022-06-29,75.24926328225348,30.788320000715373
2022-06-30,75.07065495102778,30.127538962422225
2022-07-01,73.70873273272478,28.014884218501223
2022-07-05,75.0400921357139,27.977747020364554
2022-07-06,73.40297750159971,27.999247084927585
2022-07-07,75.82420976743933,27.802941565463655
2022-07-08,75.75958795733054,27.72098311937503
2022-07-11,76.21584282934293,27.765932083538658
2022-07-12,75.2317745942274,27.139413955624935
2022-07-13,58.96660037716013,25.98857576800685
2022-07-14,59.21234924349199,25.97612071012363
2022-07-15,59.12432101216716,26.669097706356553
2022-07-18,51.50608781999232,25.98356842433937
2022-07-19,47.92391192640295,26.997023483299802
2022-07-20,48.028675306091785,27.061091639584124
2022-07-21,48.067984385051396,27.0819321748825
2022-07-22,47.14800397374504,27.03586522642965
2022-07-25,47.93006114041151,26.155273626230585
2022-07-26,47.503701889997515,24.926697917477405
2022-07-27,52.15749975277406,23.099988380613187
2022-07-28,52.57052310908562,23.221028854892634
2022-07-29,52.44469137542066,23.234588154572755
2022-08-01,51.60386902682129,20.589809326551805
2022-08-02,51.95203375364157,20.811436078142265
2022-08-03,50.52872584114614,20.15014328186459
2022-08-04,50.65256566362623,20.12758004655008
2022-08-05,51.01552553499678,20.08521213042437
2022-08-08,49.713992062309295,18.22612342514902
2022-08-09,49.29152529265328,18.230321182096247
2022-08-10,47.925556846934796,17.726329081524593
2022-08-11,46.52359459710516,17.71154868629568
2022-08-12,45.270629050557595,17.784039532734205
2022-08-15,45.209944175558356,17.680820798075118
2022-08-16,44.86948215388962,17.68013083702283
2022-08-17,39.63458466057154,17.968022585670887
2022-08-18,37.976713429220446,17.646469227031105
2022-08-19,48.807933480762635,18.269995187256313
2022-08-22,49.08516790631003,19.107708906256267
2022-08-23,49.08022435834365,18.865088796282063
2022-08-24,46.25196393330754,18.715366601376466
2022-08-25,46.298485169499074,18.91190644415755
2022-08-26,44.125243514021136,21.2981886677833
2022-08-29,44.03074036576495,21.235958531581645
2022-08-30,44.34495706651421,20.17892083273823
2022-08-31,44.64177085744993,20.233692250308827
2022-09-01,44.61987062226942,20.03085241717737
2022-09-02,44.629488447001435,20.084813287054033
2022-09-06,45.30766795743536,20.105516804920832
2022-09-07,45.10722585988769,20.470030813163927
2022-09-08,44.753951762717016,19.143732846004227
2022-09-09,53.37057659203245,19.32964837537668
2022-09-12,54.00449800791963,19.1141398598082
2022-09-13,60.5384203565424,23.03785261062104
2022-09-14,60.543994531024346,23.033380920716525
2022-09-15,60.842458072294,22.661479260441595
2022-09-16,60.69635014255772,22.715870244982387
2022-09-19,53.77752260754415,22.899169455662943
2022-09-20,54.179151726088314,23.065819245648406
2022-09-21,54.328784866567624,23.486782833542723
2022-09-22,56.194020495643315,22.44771721474307
2022-09-23,56.193152164760754,22.73738182945619
2022-09-26,53.72433135329844,21.889976500645012
2022-09-27,53.40818348820181,21.729151605222622
2022-09-28,52.64014604012831,22.81082319565484
2022-09-29,52.21841898110805,23.289702129054625
2022-09-30,52.10421811154254,23.34240307278761
2022-10-03,52.961498241681504,24.978283664585117
2022-10-04,53.94341370384581,26.449246668921756
2022-10-05,53.94246971453516,26.4493870277681
2022-10-06,51.85551277690193,26.472444405450485
2022-10-07,51.8296124435329,26.90439001122914
2022-10-10,42.03012197508903,25.411166998690927
2022-10-11,41.95760750770831,25.40858539184984
2022-10-12,40.993986845618245,25.315927857519664
2022-10-13,30.553484826682297,26.688240703209992
2022-10-14,30.65604076304251,27.286890877466146
2022-10-17,29.744447918110815,28.41842158299871
2022-10-18,28.043444164027008,28.690824091337504
2022-10-19,28.117350395246433,28.13115561202892
2022-10-20,26.32371432856649,28.052238395414463
2022-10-21,25.76973070460599,28.644527572637312
2022-10-24,22.18570688291286,28.70708027018135
2022-10-25,24.537039056804964,26.279515214270184
2022-10-26,25.4897179252088,26.321714162408977
2022-10-27,26.499730121854302,26.170257197210656
2022-10-28,26.442320034679724,27.000460676023845
2022-10-31,26.588190684316015,26.991319846046895
2022-11-01,26.16911440794264,26.809001335088467
2022-11-02,25.345444770356014,27.346303333257016
2022-11-03,23.111935109217892,27.401856319723635
2022-11-04,26.45111239555999,27.24955832247586
2022-11-07,26.36893250100049,27.169520586903957
2022-11-08,40.79942911291097,27.166444631339665
2022-11-09,60.27573926541348,27.3795987646993
2022-11-10,67.95916753560353,30.64817994718879
2022-11-11,68.431507353423,30.201251223913943
2022-11-14,68.89018437960625,29.629886829371888
2022-11-15,69.01148902938603,28.485536564887543
2022-11-16,68.81369687525584,28.593684130929596
2022-11-17,68.81507451321808,28.406072629445227
2022-11-18,68.81467342200804,26.936823237223805
2022-11-21,69.38919750085165,26.824455048978525
2022-11-22,69.62479571255207,26.832259287201992
2022-11-23,70.21606957155296,26.758138439240003
2022-11-25,68.02591395500332,25.95101887684094
2022-11-28,67.36545487098982,25.412561818466433
2022-11-29,67.67320391668926,24.575370639546314
2022-11-30,69.24686998553841,25.81166354342862
2022-12-01,69.24778337179622,25.657504411301286
2022-12-02,69.28986955199935,25.453610108683932
2022-12-05,67.68477027662306,25.446992499147157
2022-12-06,67.7475659614469,25.711151788960358
2022-12-07,67.73326946404606,25.348570234771916
2022-12-08,61.38491670884376,25.304192885179905
2022-12-09,41.05073597829369,25.360149720507263
2022-12-12,26.332717773900754,24.78897278756812
2022-12-13,26.566278239698356,24.74015199864079
2022-12-14,26.266731744428785,24.78783475683917
2022-12-15,27.14369655212785,24.72764531169682
2022-12-16,29.655242887678746,24.79391555244318
2022-12-19,30.292195043685094,24.631027332107635
2022-12-20,30.434793846255108,24.483798926139933
2022-12-21,28.89775567336387,24.80900488332901
2022-12-22,28.05838461208618,24.394007789982204
2022-12-23,27.099182138612754,18.67410824710974
2022-12-27,27.31024343052776,18.42441044941498
2022-12-28,27.149451201037785,18.594598321416242
2022-12-29,26.898848120433605,19.215577682922973
2022-12-30,23.666089317130425,19.12225374395405
2023-01-03,22.897260760363856,19.136190687007932
2023-01-04,23.00793904157333,19.237222699801222
2023-01-05,22.915577604515736,19.467124639900042
2023-01-06,22.62999562853047,20.24189774522579
2023-01-09,21.762668903316065,20.129305236346298
2023-01-10,22.14517604705395,20.263906679463673
2023-01-11,23.447256855408682,20.091042446509036
2023-01-12,25.97986017662815,20.108362226332474
2023-01-13,29.986532087234842,17.925808056449963
2023-01-17,28.51800795166996,17.92931875929236
2023-01-18,28.81424343253561,18.468111763351754
2023-01-19,28.37970407466985,17.85702759226984
2023-01-20,33.83340941355446,18.205539657011915
2023-01-23,33.714777967995715,18.49977739697726
2023-01-24,34.26105099703978,18.385482245709593
2023-01-25,34.37325263589412,18.229380921598707
2023-01-26,33.98186792197466,18.035867216880014
2023-01-27,33.52795393025129,17.925025165787368
2023-01-30,36.97355224564675,18.219998899682693
2023-01-31,36.93363318569918,17.057927838708903
2023-02-01,37.08268193834526,16.759084482838173
2023-02-02,37.488743369447754,16.79157129314623
2023-02-03,37.659358125642804,17.255255587672558
2023-02-06,38.848806837882485,17.0395715281025
2023-02-07,39.001197337284495,16.5984120431143
2023-02-08,39.622196048900484,17.05118642734062
2023-02-09,43.189529918408724,17.257904310283948
2023-02-10,42.96973120076568,16.687628202684046
2023-02-13,35.267719751830555,16.29126550654945
2023-02-14,35.57693801506559,16.24419058452841
2023-02-15,43.65142836550155,16.118114270696545
2023-02-16,44.68296005246258,16.746274113851953
2023-02-17,45.10807747466698,16.31186077412334
2023-02-21,41.05230046864436,16.413116584862664
2023-02-22,41.15580005425395,16.421245116618138
2023-02-23,41.069579449575706,16.37424619336637
2023-02-24,41.7756801185521,16.318062418040547
2023-02-27,42.024475527347334,16.313765004081752
2023-02-28,41.231884227062444,16.307859257427005
2023-03-01,39.9812822057996,16.335865073683475
2023-03-02,39.89055108993894,15.795426028501911
2023-03-03,41.62452638349128,16.221560109675774
2023-03-06,41.55990730766449,15.385037931471308
2023-03-07,41.39304052851487,15.694157290476454
2023-03-08,41.821730733831885,15.700598390989947
2023-03-09,44.97753455683664,16.59013530358708
2023-03-10,44.90435247890609,16.674976677011756
2023-03-13,54.39383242448571,16.63449002841323
2023-03-14,54.62391401057778,17.09999782487525
2023-03-15,54.90427086012932,16.533329494522516
2023-03-16,55.16638118785079,17.073388233646124
2023-03-17,55.25591953376385,16.668902262520383
2023-03-20,54.905262889240134,16.794286573073126
2023-03-21,54.75147046262882,17.23983492716955
2023-03-22,55.52429144541282,17.364676149678253
2023-03-23,56.05325000596565,17.18581805455484
2023-03-24,56.813167608891646,17.184725590152404
2023-03-27,56.72762148060448,17.177883822567058
2023-03-28,56.62731438868541,16.766449699877835
2023-03-29,57.433321516406124,17.37518470235509
2023-03-30,57.2846529574978,17.443787418420303
2023-03-31,57.1806699917384,17.487135340830825
2023-04-03,55.1983571820187,17.49742846934294
2023-04-04,55.21641630337542,16.47560067862215
2023-04-05,55.20919646657699,16.494578681421853
2023-04-06,55.10113781357842,16.466687298497114
2023-04-10,50.55952393963866,16.097313533525
2023-04-11,47.38457289028026,16.086066687636507
2023-04-12,41.42738422593223,16.096376138766736
2023-04-13,41.182631167226006,16.396002244877312
2023-04-14,40.67796556020688,16.333851286830843
2023-04-17,32.45144125893745,15.758380105304045
2023-04-18,31.818605474800755,15.758435266449716
2023-04-19,35.566876590807354,14.982522114523796
2023-04-20,35.8604382452906,15.115066911956458
2023-04-21,36.148771126351306,13.902260518952614
2023-04-24,33.90162857532296,13.012602352287617
2023-04-25,34.48222985573285,14.027058032700271
2023-04-26,33.18345760123568,13.433184749084665
2023-04-27,34.6763601054736,14.26496709871785
2023-04-28,32.972151454820946,13.653559922705828
2023-05-01,34.7085973243009,13.071892586656006
2023-05-02,35.16784609404507,13.43206268205986
2023-05-03,34.997459490061296,13.17245917280115
2023-05-04,34.86045269808136,12.272034899349785
2023-05-05,35.47637651235458,13.249122077812459
2023-05-08,37.238339497834886,13.170787335059503
2023-05-09,37.00148058754911,13.276163827500367
2023-05-10,34.29573515598665,13.271623977440484
2023-05-11,34.14373628836678,12.710134601036527
2023-05-12,34.158225816822664,12.636649226136617
2023-05-15,34.254123915635546,12.023060146037896
2023-05-16,34.24276885961011,12.141648072797413
2023-05-17,33.721563486269524,12.51616194068211
2023-05-18,32.51084799039109,12.747008192447836
2023-05-19,29.026843396837066,12.73351357010296
2023-05-22,26.51231179149449,12.733653425635014
2023-05-23,26.774704543904786,13.202482591947732
2023-05-24,28.415243801712712,13.327290475128398
2023-05-25,27.09949720428146,13.003196468596418
2023-05-26,27.241588809279733,13.491461066472985
2023-05-30,28.522185994978866,13.461962676415757
2023-05-31,26.453703297594394,13.575751688049658
2023-06-01,25.90850146096787,13.831576170092138
2023-06-02,26.15024564152142,14.260914686907785
2023-06-05,28.268903091050696,14.290430385601663
2023-06-06,32.88432018455571,14.293228065228236
2023-06-07,33.35251506986014,13.415430002841045
2023-06-08,33.42914355297912,13.35420943332116
2023-06-09,33.429305802307304,12.25113053492828
2023-06-12,33.485830351320445,12.278898833976193
2023-06-13,33.432664358779334,12.345890299408712
2023-06-14,34.34896093128391,11.721662162204712
2023-06-15,34.83902911512921,11.767902084595484
2023-06-16,35.7139514689256,11.546561096416534
2023-06-20,38.704905061120265,10.790268176769983
2023-06-21,42.0151551446534,10.979853831870399
2023-06-22,41.95754068895429,10.826920747360381
2023-06-23,40.987125109768925,11.155828953966257
2023-06-26,41.241647672054796,11.239827348204589
2023-06-27,39.55976465166348,11.514374691668007
2023-06-28,39.874204471057936,11.515125752928789
2023-06-29,39.93927408053814,11.228797340768578
2023-06-30,39.46137025259301,11.203963287816185
2023-07-03,38.98685959079811,10.992120429358504
2023-07-05,35.82624958970146,10.993004010784842
2023-07-06,33.2473399661944,11.353718839000546
2023-07-07,31.53400394568847,10.74780704374386
2023-07-10,30.483503341404028,10.379308412406422
2023-07-11,30.479949193185153,10.280594201528311
2023-07-12,30.650843256681924,9.937006996724692
2023-07-13,31.795167842581456,10.060747377400247
2023-07-14,32.433795339925894,9.821180077200943
2023-07-17,31.682076459365092,9.60576512575523
2023-07-18,31.784976680354887,9.044890868494875
2023-07-19,31.461596844296903,8.963916333391984
2023-07-20,27.72605893492699,9.328174340740489
2023-07-21,21.961037776391937,9.206627229919818
2023-07-24,22.53348598220643,9.158976402196242
2023-07-25,22.55198042764376,9.160994180466432
2023-07-26,22.54969206322687,8.931365246324384
2023-07-27,22.136254415094143,9.13129657536532
2023-07-28,21.499588946747707,9.452290593107174
2023-07-31,21.111191117897825,8.890602388283448
2023-08-01,21.64789735329086,8.867094118185575
2023-08-02,21.449703434121254,9.748865487228299
2023-08-03,21.25373303868271,9.647018428091595
2023-08-04,21.163543832161302,9.747472570633663
2023-08-07,19.992078931202435,9.674932957325218
2023-08-08,20.88135739717669,9.688059117552722
2023-08-09,20.802054405775802,9.515883980656472
2023-08-10,20.694627326000873,9.516269354559446
2023-08-11,20.611137511869792,9.473645524892849
2023-08-14,14.256554343301604,8.9959404892709
2023-08-15,14.40572820195077,9.647335008477151
2023-08-16,15.037824263437797,9.870320543860503
2023-08-17,25.67151038995345,9.856304282846736
2023-08-18,26.222726066028386,9.834607509231065
2023-08-21,26.284845597671357,9.99404661290644
2023-08-22,25.91008470174335,9.835753848431736
2023-08-23,25.344728872612706,10.09793615978427
2023-08-24,25.375986051367754,10.546369662455414
2023-08-25,25.261288360123686,10.797132825216368
2023-08-28,25.243893704067677,10.923785585002443
2023-08-29,31.35865289013432,11.534838377182249
2023-08-30,31.613114122548996,11.58461509755743
2023-08-31,34.19514578480944,11.43413285779024
2023-09-01,33.96271110353191,11.448793678836614
2023-09-05,34.051505560669135,11.42992726205893
2023-09-06,33.963546802488764,11.536401558903975
2023-09-07,33.89656237721245,11.554022656497173
2023-09-08,33.98121558527518,11.43561471585264
2023-09-11,34.54193071549424,11.222435722502698
2023-09-12,35.730021517626895,11.28259126503004
2023-09-13,36.09182451586472,11.281135334437561
2023-09-14,36.34612986472187,10.86409533701784
2023-09-15,36.16774539926933,11.395606493089163
2023-09-18,28.47059435469614,11.326409297101085
2023-09-19,28.843226366309622,11.024415734779575
2023-09-20,28.84813061887181,11.26162646937589
2023-09-21,29.537524047695936,12.068687483839383
2023-09-22,29.2128559710353,12.067343315407046
2023-09-25,29.245728428637285,12.162930656550175
2023-09-26,29.250410830700712,12.647585223809502
2023-09-27,29.286055033996117,12.285908740059904
2023-09-28,24.395686103384843,12.301097482037115
2023-09-29,24.01438175513674,12.138166286594162
2023-10-02,21.831296705504897,12.134269906074344
2023-10-03,21.886564042150745,12.49639827342045
2023-10-04,22.002551988261693,12.727357897884396
2023-10-05,22.487924883647185,12.21133556278002
2023-10-06,23.003621618631197,12.174798481446985
2023-10-09,22.50030932147512,12.141864287170096
2023-10-10,22.618936862228637,12.09126335356084
2023-10-11,21.92570783218884,11.337679763719457
2023-10-12,20.76550383326425,11.336316956489647
2023-10-13,20.358453603420305,11.389745565267399
2023-10-16,24.63041951915697,11.861068557713024
2023-10-17,24.670230670381947,11.822110768957367
2023-10-18,24.650438087614837,12.259656998466687
2023-10-19,24.497627749639072,12.45189990855075
2023-10-20,26.05747030152813,12.824401039411612
2023-10-23,36.98247223199594,12.58037032990118
2023-10-24,36.82390452002369,12.831245565420582
2023-10-25,36.85403982869789,13.328160085682958
2023-10-26,37.10901109521398,13.229449241527583
2023-10-27,37.38863394393987,12.945004256916992
2023-10-30,36.975789486830266,13.581645342689416
2023-10-31,35.962988018177825,13.800159639118142
2023-11-01,35.50129241559243,14.07897891639401
2023-11-02,35.94029459789326,14.469869767769383
2023-11-03,36.12682935795428,14.691088945864959
2023-11-06,35.520989476876736,14.65792468315706
2023-11-07,35.441041523682145,13.957276116792205
2023-11-08,34.907707115769554,13.956666891780003
2023-11-09,35.05765247220395,14.096836204674783
2023-11-10,34.02059796793087,14.725226724800928
2023-11-13,34.871597713882345,14.73072016011581
2023-11-14,36.480611718306186,14.985865297177664
2023-11-15,38.126800281850706,14.905424131809028
2023-11-16,41.313136283069014,14.89131824097703
2023-11-17,41.19288013476152,14.596472945717759
2023-11-20,40.8016230014335,14.637721813073956
2023-11-21,43.579149136726095,14.638804972037068
2023-11-22,35.7663886115041,14.635230328227673
2023-11-24,35.138366117495245,14.463954676088736
2023-11-27,35.053710227255195,14.366350349691883
2023-11-28,35.1172465035018,14.126084314168011
2023-11-29,35.10311190056126,14.133274232839618
2023-11-30,35.15627242472045,13.43084346775823
2023-12-01,35.34151782813997,13.075715983717966
2023-12-04,37.4881354907479,12.526553243047292
2023-12-05,39.41470081899058,12.487148494036665
2023-12-06,39.59851227635743,12.552845322301396
2023-12-07,39.909676968084206,11.574316642814681
2023-12-08,40.09463727387546,10.648095645122622
2023-12-11,43.917860331506624,10.361338642526624
2023-12-12,43.88565793905918,10.086113798140094
2023-12-13,44.37160505869238,10.474170126997166
2023-12-14,43.32234791714431,10.281881491878803
2023-12-15,40.697094217326644,9.30617564268619
2023-12-18,39.213666914459026,9.162056392484166
2023-12-19,39.07553272232125,9.20621751484064
2023-12-20,39.906985049061355,10.436570851285406
2023-12-21,36.92994304498669,10.61596648219033
2023-12-22,35.19038712383253,10.137501958320957
2023-12-26,36.71852452208408,9.43957358861631
2023-12-27,36.916774717724046,9.38081791293592
2023-12-28,37.424959761084395,7.999632556903387
2023-12-29,37.71905435053985,8.132418355531001
2024-01-02,38.791263004857974,8.42395042498348
2024-01-03,39.20199682637859,8.904677428979408
2024-01-04,37.57988691647508,8.80175170974608
2024-01-05,37.5097716959931,8.74751475522653
2024-01-08,41.5531981466325,9.499302232667732
2024-01-09,41.965048795410524,9.53738244132421
2024-01-10,37.75823244579343,9.559484381954787
2024-01-11,37.860344860092724,9.577901095094028
2024-01-12,43.687160921984045,9.556378843640127
2024-01-16,43.58628097363659,9.65700906889194
2024-01-17,42.83512869697177,9.770732075904935
2024-01-18,43.99056755012072,9.830910349239193
2024-01-19,42.974294431530964,10.302070999922497
2024-01-22,45.147065306346825,10.143429303361158
2024-01-23,45.09343911570226,10.015641681678463
2024-01-24,44.900968468121384,9.995461993697706
2024-01-25,44.3910027622334,10.031809172118814
2024-01-26,46.06749065371817,10.043044056680946
2024-01-29,46.46891129287427,9.573764027787321
2024-01-30,46.53310785923648,9.584345255172376
2024-01-31,44.72497622248127,10.872879932955966
2024-02-01,44.53155851756881,11.349041318025307
2024-02-02,42.284670385201736,11.582945675146346
2024-02-05,41.38387715701401,10.755872844834567
2024-02-06,41.505601624804086,10.510550042719062
2024-02-07,37.38428722697814,10.69554723183213
2024-02-08,37.690510466202824,10.673684230641733
2024-02-09,39.37183113687892,10.743243969638758
2024-02-12,32.62368890261174,10.754472190473022
2024-02-13,31.519397196251397,11.595358729072396
2024-02-14,32.998239127309766,11.61532380321778
2024-02-15,32.92388371101725,11.307516112063908
2024-02-16,32.59018878961813,11.393537705412827
2024-02-20,30.584242740565955,11.611320376217986
2024-02-21,25.713381359469206,11.023662779861976
2024-02-22,26.322457898462105,12.265756204680404
2024-02-23,26.92599380949583,12.23196647057715
2024-02-26,27.690758378774742,12.326122164995764
2024-02-27,29.52036452969934,12.319907735200813
2024-02-28,37.305175955741866,12.243410688539624
2024-02-29,38.1189241915963,12.02854902310863
2024-03-01,37.686717774615786,12.052135630215853
2024-03-04,42.16485198980296,11.714362945236912
2024-03-05,48.23933186340674,12.223265928156083
2024-03-06,48.517582838033704,12.259006295334533
2024-03-07,48.50263730776005,12.485448969440545
2024-03-08,48.36475736552733,12.6491650898844
2024-03-11,48.66081609035614,12.641675499606825
2024-03-12,49.09923664163287,12.788750230869047
2024-03-13,48.78415884356732,12.804112576890404
2024-03-14,49.66417434664115,11.661083716633637
2024-03-15,50.20986264444679,11.47508886248825
2024-03-18,55.385641548542374,11.238710749926952
2024-03-19,61.98940814328092,11.200643404502996
2024-03-20,66.74784512011364,11.409732370120379
2024-03-21,68.0286002009479,11.254601150579935
2024-03-22,68.59306443050191,11.297279250152519
2024-03-25,69.70085155678153,11.294666189642333
2024-03-26,69.72917976200851,11.321060555367994
2024-03-27,68.72005005250817,10.545182203457133
2024-03-28,67.85952451963622,10.347594679142322
2024-04-01,63.37695864033045,10.27434503290762
2024-04-02,66.09452364111938,10.356977483439927
2024-04-03,61.95095732451118,10.149965692235106
2024-04-04,59.50547914657015,10.9177061440157
2024-04-05,58.758499077455184,9.687180272090764
2024-04-08,59.27639604245574,9.687398708389402
2024-04-09,60.195238907378354,9.594046354958117
2024-04-10,59.08752913244467,10.106688860907537
2024-04-11,59.071446065552955,10.285846886155417
2024-04-12,59.82415569711967,11.100364821155752
2024-04-15,59.8140509362023,11.36363121531486
2024-04-16,58.18529118144934,11.369324010439657
2024-04-17,59.172679276619824,11.128547922719752
2024-04-18,54.58118788918181,11.019631146616026
2024-04-19,47.20795154801717,10.80607323194587
2024-04-22,46.45486321749517,11.1088737774266
2024-04-23,44.31140137678772,11.682637450565183
2024-04-24,43.57082558262479,11.210577942021454
2024-04-25,43.59606317336924,11.245418832964722
2024-04-26,43.64526259090643,11.61385795732298
2024-04-29,43.32248121314834,11.49477228927545
2024-04-30,44.753584265300006,12.2435386162647
2024-05-01,45.59866099145314,12.117683116488088
2024-05-02,42.62453584439185,12.125287485452814
2024-05-03,46.53788891457981,12.672935244948821
2024-05-06,45.13110662474923,13.058399905314042
2024-05-07,45.13066504247603,13.042985935382182
2024-05-08,44.02103699281659,13.033399998126857
2024-05-09,44.20712415634506,12.906762837874952
2024-05-10,44.63589721914651,12.913879754679037
2024-05-13,41.554982527074074,12.905140620237637
2024-05-14,40.98270630943499,12.83092259758076
2024-05-15,45.2598222443204,13.295469315822805
2024-05-16,45.50812863872986,12.74983547366232
2024-05-17,44.406183383504235,12.436875571501501
2024-05-20,48.23677782580926,12.437473198798092
2024-05-21,48.63362277621648,12.447050806447868
2024-05-22,48.2133294088105,12.072625967688706
2024-05-23,48.466600809926355,12.143194649525082
2024-05-24,47.46458459296361,11.463925888115325
2024-05-28,47.818810512384424,10.695057432451643
2024-05-29,47.89144937783969,10.944671252956878
2024-05-30,45.19409654414449,10.988855889768862
2024-05-31,43.544780669478136,11.153104538514684
2024-06-03,39.90501634653424,10.700161269148856
2024-06-04,40.44934087459933,10.492317763203838
2024-06-05,40.14288627470926,10.493825647322762
2024-06-06,39.901017894799914,10.48583607581815
2024-06-07,39.98435555308704,10.390332941515874
2024-06-10,37.42920562100306,10.154119136783628
2024-06-11,38.820449343513765,10.142132538926784
2024-06-12,38.473132891633995,8.81158055278613
2024-06-13,38.49109835078501,8.642509121183027
2024-06-14,32.221418158077434,8.428911474101632
2024-06-17,30.911626484135734,8.06832736534027
2024-06-18,31.348631923853574,7.7036394941570245
2024-06-20,21.1339398378139,7.821052887351626
2024-06-21,20.9965919537028,7.8604104700008355
2024-06-24,23.99626963297888,7.902957653238615
2024-06-25,25.399656762671864,7.93100659246651
2024-06-26,25.183800302329214,7.919581630352397
2024-06-27,25.424564336006412,7.870645218109972
2024-06-28,25.859166932081273,7.330493870373048
2024-07-01,27.284692364034225,7.2779131288201455
2024-07-02,27.440695997028207,7.454677644983129
2024-07-03,27.981198659044036,7.509520026745443
2024-07-05,29.789056195314984,7.608857395761836
2024-07-08,33.67573475616232,7.494172988880048
2024-07-09,34.59278622304293,6.997355108145239
2024-07-10,34.573684616453555,7.2441283837025585
2024-07-11,33.70844963199654,7.876728263138146
2024-07-12,33.54268003986642,7.525732883559592
2024-07-15,40.23730432832335,7.043491217856084
2024-07-16,40.19621489883768,6.844506864363435
2024-07-17,40.41033790522305,8.348012797141777
2024-07-18,39.99718598364926,8.80005719975068
2024-07-19,41.83792960228627,8.563370767187942
2024-07-22,41.97260541066344,8.966760326895455
2024-07-23,42.342090953054864,8.976058207601127
2024-07-24,39.91173597084335,11.375770325520719
2024-07-25,39.36610333490156,11.476404741962332
2024-07-26,39.892819352881865,11.685290663592635
2024-07-29,39.80027086426258,11.674413873249863
2024-07-30,39.17828833596872,11.775149521748757
2024-07-31,39.89394276294635,12.47017727695609
2024-08-01,39.77384083448784,13.14440568374545
2024-08-02,42.95259780191567,14.1930173759716
2024-08-05,46.284276663087425,16.466532768353893
2024-08-06,46.02625702768851,16.75640900070648
2024-08-07,46.09012917591607,16.754569118400205
2024-08-08,56.67846702126372,18.187279349231332
2024-08-09,56.8287519864953,18.239315364601012
2024-08-12,57.54055451445367,18.218935210108427
2024-08-13,57.363165721911166,18.861965844891873
2024-08-14,54.59326481175174,18.776717646350143
2024-08-15,54.76942389448561,19.395463595978217
2024-08-16,55.21150539772065,19.333140533172546
2024-08-19,54.11533099054711,19.528183214411772
2024-08-20,53.83364896839159,19.534465368452487
2024-08-21,55.098168686929824,19.345950924468163
2024-08-22,54.80354878557247,19.317032133295793
2024-08-23,57.687114783396694,19.477624006014683
2024-08-26,57.151186454455896,19.47446092421316
2024-08-27,59.070062154895055,19.398091417556007
2024-08-28,58.869425297299095,19.025989809919174
2024-08-29,58.92095892668752,18.882017447385042
2024-08-30,58.5993961610197,18.942038722759737
2024-09-03,56.20205939992633,19.72786033900597
2024-09-04,51.77767055354393,19.73133436464919
2024-09-05,51.60666241209406,18.535662490338446
2024-09-06,52.66724637608136,19.154121343710333
2024-09-09,41.85516227960222,19.15395426625587
2024-09-10,40.667483683968456,19.192860449548675
2024-09-11,40.54358633099127,19.335126031690926
2024-09-12,40.250831382105964,18.926474591668367
2024-09-13,41.040645818503876,18.442137201112587
2024-09-16,40.55768927027976,17.446500753496064
2024-09-17,41.58967444018493,14.710417687739707
2024-09-18,41.77738169036891,14.67556740859392
2024-09-19,42.054571518080785,14.993501174216018
2024-09-20,40.82176113991618,13.842483777785436
2024-09-23,36.73010587876473,13.829381172989477
2024-09-24,37.003760937965154,13.819584551337943
2024-09-25,36.778078817842776,13.229091953425668
2024-09-26,33.93511456097749,13.23841099323495
2024-09-27,33.815310667744555,12.455955488495789
2024-09-30,35.635086624307405,12.479222776265376
2024-10-01,36.67357646515373,12.567149860904077
2024-10-02,35.67103190763997,12.549122384281212
2024-10-03,34.5414518246515,12.542372797212236
2024-10-04,34.93715628096852,12.515843693917232
2024-10-07,31.117906965842078,12.51862884626517
2024-10-08,31.069245676115393,12.752337234747346
2024-10-09,30.388023710198414,12.872936462614238
2024-10-10,30.333339477271604,12.73844814792597
2024-10-11,31.798177841592633,12.809733621774718
2024-10-14,32.60187630161453,12.740565521755299
2024-10-15,32.3634838082129,11.252085303724412
2024-10-16,31.76051294442842,11.217699535671759
2024-10-17,30.46554050045668,11.155749404944409
2024-10-18,30.16682242483365,9.596664177403728
2024-10-21,30.80038156796869,9.334646781650193
2024-10-22,30.800468318051532,9.348708697350402
2024-10-23,31.079367503620897,9.579979446774294
2024-10-24,31.621234146454448,9.357781980834798
2024-10-25,31.885624690222837,9.293486639752825
2024-10-28,31.778151263590722,9.310896962407805
2024-10-29,33.51877030238388,9.309111829922788
2024-10-30,31.527032379732876,9.3114534340312
2024-10-31,30.377136532285714,9.978320885241752
2024-11-01,30.612463480745806,10.039016155388888
2024-11-04,30.835525357992417,10.035633392797111
2024-11-05,31.262657213642353,10.597250818608812
2024-11-06,39.25283614383353,12.679315206804546
2024-11-07,39.187558958600135,12.795870130188383
2024-11-08,38.00026681881692,12.796203406471623
2024-11-11,46.50021367920176,12.775425528814804
2024-11-12,46.602756404852386,12.468406218216446
2024-11-13,45.514513707561726,12.467885932274035
2024-11-14,47.56411686536584,12.649614491879666
2024-11-15,48.57464060303172,13.097226742052118
2024-11-18,48.79026406594518,12.792136819563634
2024-11-19,48.88201309458986,12.576786174584312
2024-11-20,47.92472036841057,12.45151357555003
2024-11-21,48.67324669803256,12.497045114997807
2024-11-22,48.0820228879814,12.42523687010226
2024-11-25,50.98105131579243,12.25969541972074
2024-11-26,51.40686635296563,12.049707339559331
2024-11-27,51.983482730385646,12.071203483535808
2024-11-29,51.27748566164085,12.163370698620302
2024-12-02,50.284519727434954,12.138282828800875
2024-12-03,50.05349665229966,12.11271010124364
2024-12-04,49.72864966798905,12.18860289660283
2024-12-05,50.63206933582845,11.812175925298362
2024-12-06,45.86694422643786,11.811356014912898
2024-12-09,47.93848942034205,11.962046992637413
2024-12-10,46.67246647921128,12.022906911888604
2024-12-11,39.77398841330245,12.168014277899822
2024-12-12,39.86030514873841,12.25165953024506
2024-12-13,39.261539866491404,10.501020095416361
2024-12-16,36.28374913704648,10.50192340482337
2024-12-17,36.09399179548357,10.585372545801954
2024-12-18,40.66386152600483,13.720761922964817
2024-12-19,41.20800587217152,11.680244982505886
2024-12-20,40.79056403851763,11.992239099659225
2024-12-23,39.15744580153413,12.054861857202233
2024-12-24,41.03276586624406,12.478359810500397
2024-12-26,39.39919215566501,12.437828213500897
2024-12-27,37.76176967451262,12.83534720863891
2024-12-30,37.74953347181139,13.133718276409642
2024-12-31,37.74662871642923,12.619252673416396
2025-01-02,38.444092187086945,12.58344557820805
2025-01-03,37.70347453118317,13.058079643157052
2025-01-06,37.42234147025239,13.15649421084751
2025-01-07,40.18507238777343,13.496025100897452
2025-01-08,39.044056417245024,13.469932821574288
2025-01-10,37.97540693252982,14.115641586178718
2025-01-13,37.58495349163381,14.018640177050814
2025-01-14,37.12030833979278,14.020580967920246
2025-01-15,38.78900878889101,14.92573097935229
2025-01-16,38.81349702100923,14.916473821463466
2025-01-17,37.31572136598737,15.22541688256715
2025-01-21,38.65593185419851,15.355609144408525
2025-01-22,39.407007822183225,15.437492855649063
2025-01-23,37.702415096378964,15.50745599840216
2025-01-24,37.72692696544957,15.453421883543166
2025-01-27,36.145318941986254,15.994043566818734
2025-01-28,35.7898162402387,16.032043419512696
2025-01-29,36.0728228075193,16.014560085384943
2025-01-30,36.09171613404474,16.090042228989446
2025-01-31,36.8190964983545,16.117768834062055
2025-02-03,39.05067689215379,16.191645692261904
2025-02-04,40.460771636019885,13.57027678601342
2025-02-05,38.990703464085755,13.592986952503717
2025-02-06,35.99478969185391,13.224197308057759
2025-02-07,35.52027500943552,13.442089349848663
2025-02-10,33.97389432975541,13.200468736687215
2025-02-11,34.3926620918518,13.201407542494007
2025-02-12,34.959940600040945,12.845759900585216
2025-02-13,34.66433667776585,12.648237277700488
2025-02-14,32.63460798106468,12.57132935369308
2025-02-18,28.261482610450173,12.527610366971015
2025-02-19,28.346200145151446,12.096750500679757
2025-02-20,26.165388555259707,12.111566112752541
2025-02-21,26.092761546019283,12.730733134416722
2025-02-24,29.54095953349118,12.816112366347193
2025-02-25,30.133604650443196,12.031071713222003
2025-02-26,32.93761090897784,12.029078876665853
2025-02-27,33.077765250973066,12.977380797046647
2025-02-28,31.91862406738808,12.691147365366827
2025-03-03,49.65327082701258,13.688962088681
2025-03-04,49.36570894924097,13.709454862781865
2025-03-05,49.432788837922104,13.819610459833973
2025-03-06,48.52820379952113,14.48904748392626
2025-03-07,49.424432134458904,14.49553881934629
2025-03-10,52.93592186622496,16.219473607748906
2025-03-11,55.7498032793448,15.942483089009068
2025-03-12,55.765281157163486,15.772845422961717
2025-03-13,56.21270496851154,16.074422495786255
2025-03-14,56.89570011826371,17.297601747731335
2025-03-17,57.33747481011503,17.51644967831543
2025-03-18,57.365318795174524,17.65397880098866
2025-03-19,59.449310198028115,17.873130424215745
2025-03-20,60.00561871423623,17.782858490453812
2025-03-21,59.82991275285309,17.71891279515449
2025-03-24,60.15661813385129,18.51263437017126
2025-03-25,60.16282214291835,18.387737078872217
2025-03-26,58.39295642907818,18.618739231499728
2025-03-27,57.793547165992585,18.616178963365833
2025-03-28,56.671128077110524,18.964193681194104
2025-03-31,56.66347454945443,19.154807663435903
2025-04-01,50.476070003514316,19.151963874460314
2025-04-02,44.09760257707816,19.27789680037762
2025-04-03,43.958981920232134,23.759952304198073
2025-04-04,42.44212945300861,28.60400771946157
2025-04-07,45.417474346564,28.624302833695552
2025-04-08,42.598969280537254,28.777183733668842
2025-04-09,48.01159596383082,42.04545884616306
2025-04-10,46.60807336533397,43.64091312110296
2025-04-11,48.522094436626766,43.72882424836327
2025-04-14,47.31225692334631,43.67434168467047
2025-04-15,46.99515186117658,43.58449532683418
2025-04-16,46.71912445153589,43.78853193667332
2025-04-17,46.54842411316218,43.588139767729004
2025-04-21,44.058141145949016,43.944427320594315
2025-04-22,47.32874911593402,44.16941575486462
2025-04-23,47.14507060381419,44.40505873210487
2025-04-24,47.13870936559873,44.827371222810754
2025-04-25,47.09011765151896,44.71452596084235
2025-04-28,45.51263257341615,44.29555494969035
2025-04-29,45.590474661597895,44.27458825325786
2025-04-30,45.613766679760374,44.169220399107054
2025-05-01,45.28900003670612,44.100209017836846
2025-05-02,43.97220284911831,44.30949535080509
2025-05-05,44.55147918589123,44.34268380140175
2025-05-06,39.58693254716288,44.07846882565216
2025-05-07,39.569743490027726,44.093221836426416
2025-05-08,40.338920554644524,44.01809221707046
2025-05-09,34.70614467643371,44.01322076555252
2025-05-12,30.658641389612573,44.569599439054734
2025-05-13,29.76462859110286,44.56853726250236
2025-05-14,29.9994884843888,44.56709973763691
2025-05-15,29.59690489836625,44.55570521634813
2025-05-16,29.718955668774687,41.74432356718363
2025-05-19,30.77799239587589,37.139054416394664
2025-05-20,30.74612544141232,37.16867003104139
2025-05-21,30.719818627657304,37.230051908190944
2025-05-22,25.589807617430825,24.15115058996829
2025-05-23,28.853898671238632,19.882464767693044
2025-05-27,28.66402483244532,20.081013342944452
2025-05-28,28.927013090238262,20.161715517312043
2025-05-29,29.609233724637164,20.091170501139818
2025-05-30,30.11895310326939,18.628388331910603
2025-06-02,29.28402640480405,18.62129232938372
2025-06-03,28.770702394479187,16.616269999094293
2025-06-04,28.925534985546374,15.464171603199595
2025-06-05,30.00692689443519,15.29031902584745
2025-06-06,30.920383147779773,14.52989358514464
2025-06-09,27.706832611449993,14.488350485041398
2025-06-10,27.626386422596944,14.491063672747492
2025-06-11,27.715108793252714,14.554232026551295
2025-06-12,28.613083862994117,14.541588674408873
2025-06-13,28.544794314584003,15.038419793335633
2025-06-16,28.74851888422569,14.732064145728273
2025-06-17,27.976791268922867,14.884358783594703
2025-06-18,27.903913014070834,14.574929011174454
2025-06-20,26.669227752055264,14.621581832788507
2025-06-23,27.29763619593041,14.729685004332577
2025-06-24,27.100216168283335,14.912626754163949
2025-06-25,27.34248352784734,11.898143662224781
2025-06-26,27.338975158343022,11.94860947126674
2025-06-27,27.164902103668165,11.990398024701031
2025-06-30,26.39506581589588,11.98800923946719
2025-07-01,26.572073488836423,11.915817757365003
2025-07-02,27.90869327637689,11.94984665069702
2025-07-03,27.921850519145337,11.994745934355876
2025-07-07,25.562410373973265,10.966936103175087
2025-07-08,25.60520541170814,10.983760763476814
2025-07-09,23.39911801011752,10.69460510689902
2025-07-10,26.2008500643408,9.238528115687018
2025-07-11,25.9475829356775,9.093706060804587
2025-07-14,24.57548988565723,9.076541233291263
2025-07-15,25.35468110396293,9.21642678914632
2025-07-16,25.27653897300956,9.160066739295083
2025-07-17,24.203298746593088,9.176030245887027
2025-07-18,24.600053269090676,9.186275600979963
2025-07-21,23.832813115375686,8.966219356003286
2025-07-22,23.74996144992067,8.63806608263275
2025-07-23,21.161275851363254,8.852291191375738
2025-07-24,21.26244937378282,8.793758383596298
2025-07-25,21.284601258016732,8.707717284214059
2025-07-28,21.87709008093277,8.711710681351027
2025-07-29,21.802033216360265,7.90488930815417
2025-07-30,21.40216299482719,7.651430179451762
2025-07-31,21.7225667373038,7.196260496210565
2025-08-01,21.332126703186137,8.963973102844108
2025-08-04,21.292566150988723,9.718276971956842
2025-08-05,21.378002683685384,9.636048160444929
2025-08-06,21.234727632359,9.395335489196437
2025-08-07,21.931467429880282,9.414894292250995
2025-08-08,21.325700555161003,9.41334548417158
2025-08-11,18.740860866725566,9.397144754208002
2025-08-12,18.61305631450912,9.738751355545807
2025-08-13,19.998861421241468,9.744444409832925
2025-08-14,22.884444087297393,9.70710738206764
2025-08-15,22.878612505379245,9.556990919211113
2025-08-18,22.810813006939963,9.22632092168339
2025-08-19,24.32136558151034,9.41359051038056
2025-08-20,24.650785665418525,9.351746009724584
2025-08-21,24.09388005820395,9.429553196411748
2025-08-22,26.720099845402224,10.262798995673647
2025-08-25,28.501694954850944,10.384383527389366
2025-08-26,28.623331718386975,10.304625960742289
2025-08-27,28.46189216593157,10.290169931249562
2025-08-28,28.7373175231869,10.21001001416412
2025-08-29,30.55617631531973,10.402953198704907
2025-09-02,29.994508870840015,10.674683544562717
2025-09-03,29.938375040736748,10.763497279225948
2025-09-04,29.957420172226623,10.754347505778492
2025-09-05,29.842926221586495,10.806585713574165
2025-09-08,29.331733813997424,10.768309424747844
2025-09-09,28.360903161878102,10.77611988838548
2025-09-10,29.168213288023164,10.746534082834177
2025-09-11,29.229729365286268,10.93542865377064
2025-09-12,28.13623842193354,10.845303489435173
2025-09-15,25.489885048214873,9.486113816554363
2025-09-16,25.7514407674511,8.684521649481598
2025-09-17,25.591521077408064,8.501410745509812
2025-09-18,24.003941628034593,8.36130840468972
2025-09-19,24.067015841335206,8.38752528896119
2025-09-22,21.305892906266394,8.24153441756725
2025-09-23,20.840865447715,8.432623115301968
2025-09-24,19.155972810208507,8.079078713134317
2025-09-25,21.826633517053683,8.208052115554423
2025-09-26,21.874744693696403,8.32874457846699
2025-09-29,20.347112193123227,8.28523224539647
2025-09-30,20.290823819353957,8.309398162046183
2025-10-01,22.97422391329135,8.082184556037692
2025-10-02,22.935124202938592,7.984457319799788
2025-10-03,23.124523587641615,7.818713051100973
2025-10-06,22.828792923333534,6.733685766294463
2025-10-07,24.475970338379962,6.684094904769757
2025-10-08,24.70646518258913,6.765960729246784
2025-10-09,25.073812754719714,6.880182124694527
2025-10-10,32.63373060235178,10.764998275802572
2025-10-13,34.876345316820945,11.42403569270784
2025-10-14,35.274026646042095,11.163746518812866
2025-10-15,35.75347233075092,11.135497086788416
2025-10-16,36.08840089984604,11.157550834426521
2025-10-17,36.29831107326298,11.194727686978052
2025-10-20,36.952812259265556,11.515145693033512
2025-10-21,37.30764303123129,11.515870352108612
2025-10-22,36.84362483965474,11.648190887846985
2025-10-23,37.4236293957006,11.537394460479307
2025-10-24,37.349609661894405,11.724802083157805
2025-10-27,36.29871655327329,12.068412844275922
2025-10-28,35.90297785154103,12.047292462541586
2025-10-29,36.17335730547898,12.024374818611303
2025-10-30,36.4229679347748,12.517094060424258
2025-10-31,34.52522803640596,12.48037595107128
2025-11-03,35.244074091157316,12.432044161860944
2025-11-04,37.11960941254719,12.849791735834701
2025-11-05,37.76796760666429,12.823985349887398
2025-11-06,37.69594047499062,13.171087669835268
2025-11-07,37.95294000623215,13.083069671979391
2025-11-10,32.94776875911349,13.778309701198696
2025-11-11,31.578076493726442,13.75815707273306
2025-11-12,31.659342832808353,13.73665838892114
2025-11-13,31.687123297468823,14.638102965054326
2025-11-14,34.60519886046205,14.638303379282904
2025-11-17,34.70024605254331,14.852561984898152
2025-11-18,34.518804691798465,15.009063498712377
2025-11-19,33.964780142466275,14.943725675998436
2025-11-20,36.543637991057224,15.540333457085348
2025-11-21,36.66883018704816,13.669455275915169
2025-11-24,37.10024275727463,13.612041112948564
2025-11-25,35.770513550962704,13.85371865142228
2025-11-26,38.02692012443124,13.92998506180318
2025-11-28,37.88808676235414,13.80544344610984
2025-12-01,39.00631150818752,13.83220497149256
2025-12-02,43.1557362953009,13.538030504326356
2025-12-03,42.94566631989294,13.563831230621497
2025-12-04,41.08621887947726,13.450666042473857
2025-12-05,41.06818073511754,13.368610158854121
2025-12-08,40.293644640115296,13.217984311811604
2025-12-09,40.225387566175726,12.769145242503367
2025-12-10,39.93885356463993,12.894383168152984
2025-12-11,39.37625956517674,12.91110841246678
2025-12-12,39.75477942112363,12.892632087971032
2025-12-15,37.03162128764436,12.864637307583546
2025-12-16,37.30353316258735,12.873624381786827
2025-12-17,37.18044508085698,12.807930958238597
2025-12-18,37.05320126828015,12.961766186850182
2025-12-19,38.043484444564406,12.807069037326189
2025-12-22,34.070421240565494,12.909658038173589
2025-12-23,33.53152186957677,12.197038229371094
2025-12-24,33.17271540952802,12.218511030803905
2025-12-26,31.27071945286194,12.219531618845439
2025-12-29,31.26258472059694,11.162297083977746
2025-12-30,31.584901229168565,11.175047723994453
